building_name,BG_breakouts_max_10_2_2,BG_breakouts_max_10_2_3,BG_breakouts_max_10_2_5,BG_breakouts_max_10_5_2,BG_breakouts_max_10_5_3,BG_breakouts_max_10_5_5,BG_breakouts_max_10_1_2,BG_breakouts_max_10_1_3,BG_breakouts_max_10_1_5,BG_breakouts_max_30_2_2,BG_breakouts_max_30_2_3,BG_breakouts_max_30_2_5,BG_breakouts_max_30_5_2,BG_breakouts_max_30_5_3,BG_breakouts_max_30_5_5,BG_breakouts_max_30_1_2,BG_breakouts_max_30_1_3,BG_breakouts_max_30_1_5,BG_breakouts_max_60_2_2,BG_breakouts_max_60_2_3,BG_breakouts_max_60_2_5,BG_breakouts_max_60_5_2,BG_breakouts_max_60_5_3,BG_breakouts_max_60_5_5,BG_breakouts_max_60_1_2,BG_breakouts_max_60_1_3,BG_breakouts_max_60_1_5
PrimClass_Everett,6.0,27.0,27.0,2.0,21.0,21.0,0.0,17.0,17.0,4.0,9.0,9.0,3.0,6.0,6.0,0.0,2.0,2.0,3.0,3.0,3.0,2.0,2.0,2.0,0.0,0.0,0.0
UnivClass_Clifford,3.0,20.0,20.0,2.0,12.0,12.0,1.0,6.0,6.0,2.0,5.0,5.0,1.0,4.0,4.0,1.0,4.0,4.0,3.0,4.0,4.0,1.0,3.0,3.0,1.0,1.0,1.0
Office_Elizabeth,6.0,23.0,23.0,2.0,9.0,9.0,0.0,5.0,5.0,2.0,2.0,2.0,2.0,2.0,2.0,0.0,2.0,2.0,2.0,2.0,2.0,2.0,2.0,2.0,0.0,2.0,2.0
Office_Ellie,2.0,20.0,20.0,1.0,9.0,9.0,1.0,2.0,2.0,2.0,5.0,5.0,1.0,2.0,2.0,1.0,2.0,2.0,2.0,2.0,2.0,1.0,2.0,2.0,1.0,2.0,2.0
PrimClass_Elisabeth,6.0,21.0,21.0,2.0,10.0,10.0,0.0,6.0,6.0,2.0,2.0,2.0,2.0,2.0,2.0,0.0,2.0,2.0,2.0,2.0,2.0,2.0,2.0,2.0,0.0,2.0,2.0
Office_Cristina,2.0,29.0,29.0,2.0,9.0,9.0,1.0,2.0,2.0,2.0,4.0,4.0,1.0,2.0,2.0,1.0,1.0,1.0,2.0,2.0,2.0,1.0,2.0,2.0,1.0,1.0,1.0
PrimClass_Jolie,14.0,23.0,23.0,8.0,18.0,18.0,5.0,17.0,17.0,8.0,10.0,10.0,5.0,10.0,10.0,5.0,10.0,10.0,4.0,4.0,4.0,4.0,4.0,4.0,2.0,4.0,4.0
PrimClass_Jaylin,14.0,22.0,22.0,8.0,16.0,16.0,5.0,14.0,14.0,7.0,9.0,9.0,7.0,9.0,9.0,4.0,9.0,9.0,4.0,4.0,4.0,4.0,4.0,4.0,4.0,4.0,4.0
Office_Jesus,4.0,5.0,5.0,2.0,5.0,5.0,2.0,2.0,2.0,2.0,4.0,4.0,2.0,2.0,2.0,2.0,2.0,2.0,2.0,2.0,2.0,2.0,2.0,2.0,2.0,2.0,2.0
PrimClass_Esmeralda,4.0,23.0,23.0,2.0,11.0,11.0,2.0,4.0,4.0,4.0,6.0,6.0,2.0,5.0,5.0,2.0,2.0,2.0,2.0,3.0,3.0,2.0,3.0,3.0,2.0,2.0,2.0
PrimClass_Eoghan,4.0,23.0,23.0,2.0,11.0,11.0,2.0,4.0,4.0,4.0,6.0,6.0,2.0,5.0,5.0,2.0,2.0,2.0,2.0,3.0,3.0,2.0,3.0,3.0,2.0,2.0,2.0
PrimClass_Edwin,12.0,25.0,25.0,7.0,23.0,23.0,4.0,18.0,18.0,6.0,7.0,7.0,5.0,6.0,6.0,4.0,6.0,6.0,4.0,4.0,4.0,3.0,3.0,3.0,2.0,3.0,3.0
PrimClass_Eli,4.0,27.0,27.0,2.0,13.0,13.0,2.0,8.0,8.0,4.0,8.0,8.0,2.0,6.0,6.0,2.0,2.0,2.0,2.0,2.0,2.0,2.0,2.0,2.0,0.0,2.0,2.0
PrimClass_Ethel,11.0,27.0,27.0,7.0,23.0,23.0,3.0,20.0,20.0,5.0,7.0,7.0,5.0,7.0,7.0,3.0,7.0,7.0,3.0,3.0,3.0,2.0,3.0,3.0,2.0,3.0,3.0
PrimClass_Ernesto,11.0,26.0,26.0,5.0,21.0,21.0,4.0,14.0,14.0,5.0,7.0,7.0,5.0,7.0,7.0,4.0,7.0,7.0,4.0,4.0,4.0,3.0,3.0,3.0,2.0,3.0,3.0
PrimClass_Emanuela,12.0,27.0,27.0,7.0,27.0,27.0,3.0,21.0,21.0,5.0,7.0,7.0,5.0,7.0,7.0,3.0,6.0,6.0,4.0,4.0,4.0,4.0,4.0,4.0,3.0,3.0,3.0
PrimClass_Emilio,8.0,15.0,15.0,3.0,14.0,14.0,2.0,9.0,9.0,4.0,6.0,6.0,3.0,4.0,4.0,2.0,2.0,2.0,4.0,4.0,4.0,3.0,4.0,4.0,2.0,2.0,2.0
PrimClass_Eleanor,10.0,23.0,23.0,4.0,23.0,23.0,2.0,10.0,10.0,5.0,9.0,9.0,3.0,4.0,4.0,2.0,4.0,4.0,3.0,3.0,3.0,3.0,3.0,3.0,2.0,3.0,3.0
PrimClass_Ezekiel,5.0,23.0,23.0,0.0,18.0,18.0,0.0,6.0,6.0,0.0,8.0,8.0,0.0,6.0,6.0,0.0,0.0,0.0,2.0,3.0,3.0,0.0,3.0,3.0,0.0,0.0,0.0
PrimClass_Elliott,7.0,25.0,25.0,5.0,17.0,17.0,3.0,12.0,12.0,6.0,9.0,9.0,5.0,8.0,8.0,0.0,7.0,7.0,3.0,3.0,3.0,3.0,3.0,3.0,3.0,3.0,3.0
PrimClass_Ellen,11.0,29.0,29.0,6.0,25.0,25.0,2.0,19.0,19.0,5.0,9.0,9.0,3.0,7.0,7.0,2.0,5.0,5.0,3.0,3.0,3.0,3.0,3.0,3.0,0.0,3.0,3.0
PrimClass_Evie,7.0,27.0,27.0,2.0,23.0,23.0,2.0,13.0,13.0,4.0,6.0,6.0,4.0,6.0,6.0,2.0,6.0,6.0,2.0,4.0,4.0,2.0,2.0,2.0,2.0,2.0,2.0
PrimClass_Elijah,5.0,24.0,24.0,2.0,21.0,21.0,1.0,11.0,11.0,4.0,7.0,7.0,2.0,6.0,6.0,1.0,4.0,4.0,3.0,4.0,4.0,2.0,3.0,3.0,1.0,3.0,3.0
PrimClass_Ezra,6.0,24.0,24.0,2.0,21.0,21.0,1.0,11.0,11.0,4.0,7.0,7.0,2.0,6.0,6.0,1.0,4.0,4.0,3.0,4.0,4.0,2.0,3.0,3.0,1.0,3.0,3.0
PrimClass_Edmund,7.0,18.0,18.0,2.0,13.0,13.0,2.0,12.0,12.0,2.0,5.0,5.0,2.0,2.0,2.0,2.0,2.0,2.0,2.0,2.0,2.0,2.0,2.0,2.0,2.0,2.0,2.0
PrimClass_Eva,7.0,25.0,25.0,4.0,19.0,19.0,2.0,13.0,13.0,5.0,7.0,7.0,2.0,6.0,6.0,2.0,2.0,2.0,2.0,2.0,2.0,2.0,2.0,2.0,0.0,2.0,2.0
Office_Erik,5.0,27.0,27.0,3.0,23.0,23.0,2.0,8.0,8.0,5.0,7.0,7.0,2.0,6.0,6.0,2.0,5.0,5.0,3.0,4.0,4.0,2.0,3.0,3.0,2.0,2.0,2.0
PrimClass_Ebony,6.0,28.0,28.0,3.0,14.0,14.0,2.0,7.0,7.0,4.0,7.0,7.0,2.0,4.0,4.0,2.0,2.0,2.0,4.0,4.0,4.0,2.0,4.0,4.0,2.0,2.0,2.0
PrimClass_Ethan,6.0,25.0,25.0,0.0,21.0,21.0,2.0,6.0,6.0,4.0,7.0,7.0,2.0,4.0,4.0,2.0,2.0,2.0,2.0,3.0,3.0,2.0,2.0,2.0,2.0,2.0,2.0
PrimClass_Elmer,5.0,27.0,27.0,3.0,23.0,23.0,2.0,8.0,8.0,3.0,7.0,7.0,2.0,6.0,6.0,2.0,2.0,2.0,3.0,4.0,4.0,2.0,2.0,2.0,2.0,2.0,2.0
PrimClass_Ervin,3.0,22.0,22.0,0.0,17.0,17.0,0.0,0.0,0.0,2.0,8.0,8.0,0.0,5.0,5.0,0.0,0.0,0.0,0.0,3.0,3.0,0.0,0.0,0.0,0.0,0.0,0.0
PrimClass_Uma,10.0,20.0,20.0,6.0,17.0,17.0,3.0,13.0,13.0,8.0,8.0,8.0,4.0,8.0,8.0,3.0,8.0,8.0,4.0,4.0,4.0,2.0,3.0,3.0,2.0,3.0,3.0
UnivClass_Tamra,7.0,18.0,18.0,4.0,17.0,17.0,4.0,9.0,9.0,3.0,5.0,5.0,3.0,5.0,5.0,3.0,3.0,3.0,3.0,4.0,4.0,3.0,4.0,4.0,3.0,3.0,3.0
PrimClass_Ernest,5.0,25.0,25.0,3.0,11.0,11.0,2.0,7.0,7.0,4.0,7.0,7.0,2.0,5.0,5.0,2.0,5.0,5.0,2.0,3.0,3.0,2.0,2.0,2.0,2.0,2.0,2.0
PrimClass_Emily,7.0,18.0,18.0,4.0,17.0,17.0,2.0,8.0,8.0,4.0,6.0,6.0,3.0,6.0,6.0,2.0,5.0,5.0,2.0,3.0,3.0,2.0,2.0,2.0,1.0,2.0,2.0
Office_Evelyn,2.0,14.0,14.0,0.0,3.0,3.0,0.0,0.0,0.0,0.0,2.0,2.0,0.0,0.0,0.0,0.0,0.0,0.0,0.0,2.0,2.0,0.0,0.0,0.0,0.0,0.0,0.0
PrimClass_Jayla,10.0,19.0,19.0,4.0,14.0,14.0,3.0,14.0,14.0,5.0,9.0,9.0,3.0,9.0,9.0,2.0,5.0,5.0,4.0,4.0,4.0,2.0,4.0,4.0,2.0,4.0,4.0
Office_Emer,3.0,7.0,7.0,2.0,3.0,3.0,1.0,1.0,1.0,3.0,4.0,4.0,2.0,3.0,3.0,1.0,1.0,1.0,3.0,4.0,4.0,2.0,2.0,2.0,1.0,1.0,1.0
PrimClass_Janiya,9.0,17.0,17.0,6.0,16.0,16.0,3.0,15.0,15.0,5.0,9.0,9.0,5.0,9.0,9.0,3.0,7.0,7.0,4.0,4.0,4.0,2.0,4.0,4.0,2.0,4.0,4.0
PrimClass_Umar,5.0,23.0,23.0,4.0,18.0,18.0,0.0,12.0,12.0,6.0,9.0,9.0,2.0,8.0,8.0,0.0,8.0,8.0,3.0,3.0,3.0,2.0,3.0,3.0,0.0,3.0,3.0
Office_Elena,3.0,7.0,7.0,2.0,3.0,3.0,1.0,1.0,1.0,3.0,4.0,4.0,2.0,3.0,3.0,1.0,1.0,1.0,3.0,4.0,4.0,2.0,2.0,2.0,1.0,1.0,1.0
PrimClass_Janice,4.0,13.0,13.0,2.0,10.0,10.0,1.0,6.0,6.0,3.0,5.0,5.0,2.0,3.0,3.0,1.0,3.0,3.0,2.0,3.0,3.0,2.0,2.0,2.0,1.0,2.0,2.0
Office_Jett,5.0,6.0,6.0,2.0,6.0,6.0,2.0,5.0,5.0,2.0,2.0,2.0,2.0,2.0,2.0,1.0,2.0,2.0,2.0,2.0,2.0,1.0,2.0,2.0,1.0,1.0,1.0
UnivDorm_Una,9.0,14.0,14.0,6.0,11.0,11.0,3.0,10.0,10.0,6.0,7.0,7.0,3.0,5.0,5.0,2.0,5.0,5.0,4.0,4.0,4.0,3.0,3.0,3.0,2.0,3.0,3.0
UnivLab_Paul,2.0,23.0,23.0,1.0,12.0,12.0,1.0,6.0,6.0,3.0,5.0,5.0,1.0,4.0,4.0,1.0,3.0,3.0,2.0,3.0,3.0,1.0,2.0,2.0,1.0,2.0,2.0
Office_Jerry,4.0,8.0,8.0,3.0,6.0,6.0,1.0,5.0,5.0,2.0,3.0,3.0,1.0,3.0,3.0,1.0,1.0,1.0,2.0,3.0,3.0,1.0,2.0,2.0,1.0,1.0,1.0
Office_Eileen,3.0,18.0,18.0,1.0,18.0,18.0,0.0,0.0,0.0,2.0,2.0,2.0,0.0,0.0,0.0,0.0,0.0,0.0,2.0,2.0,2.0,0.0,0.0,0.0,0.0,0.0,0.0
PrimClass_Uriah,7.0,16.0,16.0,3.0,13.0,13.0,0.0,13.0,13.0,5.0,8.0,8.0,3.0,8.0,8.0,0.0,8.0,8.0,3.0,3.0,3.0,3.0,3.0,3.0,0.0,3.0,3.0
PrimClass_Ulysses,10.0,17.0,17.0,8.0,12.0,12.0,4.0,11.0,11.0,8.0,9.0,9.0,8.0,8.0,8.0,4.0,8.0,8.0,3.0,3.0,3.0,3.0,3.0,3.0,2.0,3.0,3.0
Office_Lesa,3.0,5.0,5.0,3.0,5.0,5.0,2.0,3.0,3.0,3.0,5.0,5.0,3.0,5.0,5.0,2.0,3.0,3.0,3.0,3.0,3.0,3.0,3.0,3.0,2.0,3.0,3.0
UnivDorm_Claudia,9.0,20.0,20.0,4.0,20.0,20.0,2.0,18.0,18.0,7.0,9.0,9.0,4.0,7.0,7.0,3.0,7.0,7.0,5.0,5.0,5.0,2.0,4.0,4.0,2.0,4.0,4.0
Office_Emerald,1.0,7.0,7.0,0.0,0.0,0.0,0.0,0.0,0.0,1.0,4.0,4.0,0.0,0.0,0.0,0.0,0.0,0.0,1.0,4.0,4.0,0.0,0.0,0.0,0.0,0.0,0.0
Office_Ellis,4.0,25.0,25.0,1.0,21.0,21.0,1.0,5.0,5.0,3.0,6.0,6.0,3.0,4.0,4.0,1.0,3.0,3.0,3.0,3.0,3.0,3.0,3.0,3.0,1.0,3.0,3.0
UnivClass_Tammy,4.0,25.0,25.0,2.0,17.0,17.0,0.0,4.0,4.0,3.0,9.0,9.0,2.0,4.0,4.0,0.0,4.0,4.0,3.0,3.0,3.0,2.0,3.0,3.0,0.0,0.0,0.0
PrimClass_Jaden,13.0,23.0,23.0,8.0,21.0,21.0,5.0,15.0,15.0,7.0,8.0,8.0,5.0,8.0,8.0,3.0,7.0,7.0,4.0,4.0,4.0,4.0,4.0,4.0,4.0,4.0,4.0
Office_Elliot,7.0,25.0,25.0,2.0,7.0,7.0,0.0,0.0,0.0,2.0,3.0,3.0,2.0,3.0,3.0,0.0,0.0,0.0,2.0,2.0,2.0,2.0,2.0,2.0,0.0,0.0,0.0
PrimClass_Jermaine,11.0,18.0,18.0,6.0,16.0,16.0,4.0,15.0,15.0,5.0,8.0,8.0,5.0,8.0,8.0,3.0,7.0,7.0,4.0,4.0,4.0,4.0,4.0,4.0,4.0,4.0,4.0
PrimClass_Josephine,12.0,18.0,18.0,8.0,17.0,17.0,4.0,15.0,15.0,8.0,9.0,9.0,6.0,9.0,9.0,5.0,8.0,8.0,4.0,4.0,4.0,4.0,4.0,4.0,2.0,4.0,4.0
Office_Eddie,7.0,25.0,25.0,2.0,7.0,7.0,0.0,0.0,0.0,2.0,3.0,3.0,2.0,3.0,3.0,0.0,0.0,0.0,2.0,2.0,2.0,2.0,2.0,2.0,0.0,0.0,0.0
Office_Jackie,3.0,17.0,17.0,3.0,15.0,15.0,3.0,6.0,6.0,2.0,4.0,4.0,1.0,2.0,2.0,1.0,1.0,1.0,2.0,2.0,2.0,1.0,2.0,2.0,1.0,1.0,1.0
UnivDorm_Carla,4.0,5.0,5.0,4.0,5.0,5.0,2.0,5.0,5.0,4.0,4.0,4.0,3.0,4.0,4.0,2.0,4.0,4.0,2.0,2.0,2.0,2.0,2.0,2.0,2.0,2.0,2.0
UnivClass_Camden,7.0,27.0,27.0,2.0,17.0,17.0,2.0,11.0,11.0,1.0,1.0,1.0,1.0,1.0,1.0,0.0,0.0,0.0,0.0,0.0,0.0,0.0,0.0,0.0,0.0,0.0,0.0
PrimClass_Javier,10.0,22.0,22.0,6.0,20.0,20.0,5.0,17.0,17.0,5.0,9.0,9.0,3.0,9.0,9.0,3.0,9.0,9.0,4.0,4.0,4.0,2.0,4.0,4.0,2.0,2.0,2.0
PrimClass_Jeanette,5.0,22.0,22.0,3.0,13.0,13.0,1.0,9.0,9.0,4.0,4.0,4.0,2.0,4.0,4.0,1.0,4.0,4.0,3.0,3.0,3.0,2.0,3.0,3.0,1.0,2.0,2.0
PrimClass_Julius,12.0,19.0,19.0,6.0,18.0,18.0,4.0,16.0,16.0,7.0,10.0,10.0,3.0,10.0,10.0,3.0,8.0,8.0,4.0,4.0,4.0,4.0,4.0,4.0,2.0,4.0,4.0
PrimClass_Jaylinn,13.0,24.0,24.0,8.0,17.0,17.0,3.0,17.0,17.0,6.0,9.0,9.0,5.0,8.0,8.0,3.0,8.0,8.0,4.0,5.0,5.0,2.0,4.0,4.0,2.0,4.0,4.0
PrimClass_Johanna,12.0,19.0,19.0,6.0,14.0,14.0,3.0,12.0,12.0,5.0,9.0,9.0,5.0,9.0,9.0,3.0,9.0,9.0,4.0,4.0,4.0,2.0,4.0,4.0,2.0,4.0,4.0
PrimClass_Jodie,11.0,21.0,21.0,8.0,18.0,18.0,4.0,17.0,17.0,5.0,9.0,9.0,5.0,8.0,8.0,3.0,8.0,8.0,4.0,4.0,4.0,4.0,4.0,4.0,2.0,4.0,4.0
PrimClass_Johnathan,13.0,19.0,19.0,7.0,17.0,17.0,5.0,15.0,15.0,8.0,9.0,9.0,5.0,9.0,9.0,4.0,8.0,8.0,4.0,4.0,4.0,3.0,4.0,4.0,2.0,4.0,4.0
PrimClass_Janis,13.0,21.0,21.0,7.0,19.0,19.0,3.0,13.0,13.0,7.0,8.0,8.0,5.0,8.0,8.0,3.0,7.0,7.0,4.0,4.0,4.0,4.0,4.0,4.0,2.0,4.0,4.0
PrimClass_Jamal,13.0,22.0,22.0,8.0,17.0,17.0,5.0,17.0,17.0,8.0,10.0,10.0,5.0,9.0,9.0,3.0,8.0,8.0,4.0,4.0,4.0,4.0,4.0,4.0,2.0,4.0,4.0
PrimClass_Jose,10.0,22.0,22.0,4.0,18.0,18.0,2.0,15.0,15.0,7.0,9.0,9.0,5.0,7.0,7.0,2.0,7.0,7.0,4.0,4.0,4.0,4.0,4.0,4.0,2.0,4.0,4.0
PrimClass_Julianna,10.0,22.0,22.0,8.0,17.0,17.0,3.0,14.0,14.0,8.0,9.0,9.0,5.0,9.0,9.0,3.0,8.0,8.0,4.0,4.0,4.0,4.0,4.0,4.0,2.0,4.0,4.0
PrimClass_Jasmine,12.0,20.0,20.0,8.0,19.0,19.0,6.0,17.0,17.0,7.0,8.0,8.0,5.0,7.0,7.0,5.0,7.0,7.0,4.0,4.0,4.0,4.0,4.0,4.0,4.0,4.0,4.0
PrimClass_Jazmine,13.0,17.0,17.0,6.0,16.0,16.0,4.0,15.0,15.0,5.0,7.0,7.0,5.0,7.0,7.0,3.0,7.0,7.0,4.0,4.0,4.0,4.0,4.0,4.0,2.0,4.0,4.0
PrimClass_Justin,8.0,21.0,21.0,6.0,17.0,17.0,3.0,16.0,16.0,5.0,10.0,10.0,3.0,8.0,8.0,3.0,5.0,5.0,4.0,4.0,4.0,2.0,4.0,4.0,2.0,4.0,4.0
Office_Marla,2.0,17.0,17.0,0.0,10.0,10.0,0.0,0.0,0.0,3.0,5.0,5.0,0.0,3.0,3.0,0.0,0.0,0.0,2.0,3.0,3.0,0.0,0.0,0.0,0.0,0.0,0.0
PrimClass_Jody,10.0,21.0,21.0,6.0,17.0,17.0,3.0,16.0,16.0,6.0,9.0,9.0,5.0,8.0,8.0,3.0,6.0,6.0,4.0,4.0,4.0,2.0,4.0,4.0,2.0,4.0,4.0
PrimClass_Julianne,14.0,18.0,18.0,6.0,18.0,18.0,3.0,17.0,17.0,8.0,8.0,8.0,5.0,8.0,8.0,3.0,8.0,8.0,4.0,4.0,4.0,4.0,4.0,4.0,2.0,4.0,4.0
PrimClass_Justice,11.0,20.0,20.0,6.0,18.0,18.0,3.0,16.0,16.0,7.0,9.0,9.0,3.0,8.0,8.0,3.0,7.0,7.0,4.0,4.0,4.0,2.0,4.0,4.0,2.0,4.0,4.0
UnivClass_Craig,3.0,5.0,5.0,2.0,4.0,4.0,1.0,3.0,3.0,3.0,4.0,4.0,2.0,4.0,4.0,1.0,2.0,2.0,2.0,2.0,2.0,2.0,2.0,2.0,1.0,2.0,2.0
PrimClass_Jean,12.0,24.0,24.0,8.0,22.0,22.0,4.0,17.0,17.0,7.0,9.0,9.0,5.0,8.0,8.0,3.0,7.0,7.0,4.0,4.0,4.0,4.0,4.0,4.0,2.0,4.0,4.0
PrimClass_Jenna,8.0,15.0,15.0,5.0,11.0,11.0,3.0,10.0,10.0,4.0,8.0,8.0,2.0,6.0,6.0,2.0,5.0,5.0,2.0,4.0,4.0,2.0,2.0,2.0,2.0,2.0,2.0
PrimClass_Judith,8.0,21.0,21.0,6.0,18.0,18.0,3.0,12.0,12.0,5.0,8.0,8.0,3.0,7.0,7.0,2.0,7.0,7.0,4.0,4.0,4.0,2.0,4.0,4.0,2.0,4.0,4.0
PrimClass_Jessie,11.0,17.0,17.0,8.0,17.0,17.0,4.0,17.0,17.0,6.0,10.0,10.0,6.0,9.0,9.0,3.0,8.0,8.0,4.0,4.0,4.0,4.0,4.0,4.0,2.0,4.0,4.0
PrimClass_Joselyn,12.0,22.0,22.0,8.0,16.0,16.0,5.0,16.0,16.0,7.0,10.0,10.0,5.0,9.0,9.0,3.0,7.0,7.0,4.0,4.0,4.0,4.0,4.0,4.0,2.0,4.0,4.0
UnivLab_Bethany,2.0,20.0,20.0,2.0,15.0,15.0,2.0,8.0,8.0,2.0,7.0,7.0,2.0,6.0,6.0,2.0,2.0,2.0,1.0,4.0,4.0,1.0,3.0,3.0,0.0,0.0,0.0
PrimClass_Judy,15.0,21.0,21.0,8.0,21.0,21.0,4.0,16.0,16.0,7.0,9.0,9.0,5.0,9.0,9.0,5.0,7.0,7.0,4.0,4.0,4.0,4.0,4.0,4.0,2.0,4.0,4.0
PrimClass_Jarrett,11.0,19.0,19.0,5.0,16.0,16.0,3.0,15.0,15.0,5.0,9.0,9.0,5.0,7.0,7.0,2.0,7.0,7.0,4.0,4.0,4.0,2.0,4.0,4.0,2.0,4.0,4.0
PrimClass_Jeannine,8.0,21.0,21.0,6.0,16.0,16.0,3.0,15.0,15.0,7.0,8.0,8.0,5.0,7.0,7.0,2.0,7.0,7.0,4.0,4.0,4.0,4.0,4.0,4.0,2.0,4.0,4.0
PrimClass_Jeff,9.0,20.0,20.0,6.0,17.0,17.0,3.0,17.0,17.0,6.0,9.0,9.0,3.0,9.0,9.0,3.0,8.0,8.0,4.0,4.0,4.0,2.0,4.0,4.0,2.0,4.0,4.0
PrimClass_Julian,10.0,22.0,22.0,7.0,22.0,22.0,4.0,17.0,17.0,7.0,9.0,9.0,5.0,9.0,9.0,3.0,7.0,7.0,4.0,4.0,4.0,2.0,4.0,4.0,2.0,4.0,4.0
PrimClass_Jeanine,14.0,21.0,21.0,8.0,17.0,17.0,4.0,15.0,15.0,9.0,9.0,9.0,5.0,9.0,9.0,4.0,9.0,9.0,4.0,4.0,4.0,4.0,4.0,4.0,4.0,4.0,4.0
UnivClass_Jadon,8.0,17.0,17.0,3.0,17.0,17.0,3.0,14.0,14.0,5.0,8.0,8.0,3.0,7.0,7.0,2.0,7.0,7.0,4.0,4.0,4.0,4.0,4.0,4.0,2.0,4.0,4.0
Office_Maryann,4.0,31.0,31.0,2.0,17.0,17.0,0.0,8.0,8.0,3.0,7.0,7.0,2.0,3.0,3.0,0.0,3.0,3.0,2.0,2.0,2.0,2.0,2.0,2.0,0.0,2.0,2.0
UnivClass_Boyd,3.0,21.0,21.0,1.0,4.0,4.0,1.0,1.0,1.0,2.0,4.0,4.0,1.0,3.0,3.0,0.0,0.0,0.0,1.0,1.0,1.0,1.0,1.0,1.0,0.0,0.0,0.0
PrimClass_Jerome,9.0,20.0,20.0,6.0,18.0,18.0,5.0,17.0,17.0,7.0,9.0,9.0,5.0,7.0,7.0,3.0,7.0,7.0,4.0,4.0,4.0,2.0,4.0,4.0,2.0,4.0,4.0
PrimClass_Jacqueline,8.0,18.0,18.0,6.0,15.0,15.0,4.0,12.0,12.0,5.0,9.0,9.0,5.0,9.0,9.0,3.0,8.0,8.0,4.0,4.0,4.0,4.0,4.0,4.0,2.0,4.0,4.0
PrimClass_Jill,12.0,24.0,24.0,8.0,17.0,17.0,4.0,16.0,16.0,6.0,9.0,9.0,5.0,9.0,9.0,3.0,8.0,8.0,4.0,4.0,4.0,4.0,4.0,4.0,2.0,4.0,4.0
PrimClass_Jim,14.0,24.0,24.0,8.0,19.0,19.0,5.0,16.0,16.0,7.0,8.0,8.0,5.0,8.0,8.0,5.0,7.0,7.0,4.0,4.0,4.0,4.0,4.0,4.0,4.0,4.0,4.0
Office_Myron,4.0,17.0,17.0,2.0,14.0,14.0,2.0,6.0,6.0,2.0,6.0,6.0,2.0,3.0,3.0,2.0,3.0,3.0,2.0,3.0,3.0,2.0,3.0,3.0,2.0,2.0,2.0
PrimClass_Janet,10.0,18.0,18.0,5.0,14.0,14.0,3.0,13.0,13.0,7.0,10.0,10.0,5.0,9.0,9.0,3.0,7.0,7.0,2.0,4.0,4.0,2.0,2.0,2.0,2.0,2.0,2.0
PrimClass_Janie,13.0,22.0,22.0,6.0,16.0,16.0,4.0,16.0,16.0,5.0,8.0,8.0,5.0,7.0,7.0,3.0,7.0,7.0,4.0,4.0,4.0,4.0,4.0,4.0,4.0,4.0,4.0
PrimClass_Jensen,13.0,20.0,20.0,8.0,18.0,18.0,3.0,17.0,17.0,6.0,10.0,10.0,5.0,10.0,10.0,3.0,7.0,7.0,4.0,4.0,4.0,4.0,4.0,4.0,2.0,4.0,4.0
PrimClass_Jeffrey,7.0,15.0,15.0,5.0,13.0,13.0,3.0,13.0,13.0,5.0,7.0,7.0,3.0,5.0,5.0,3.0,5.0,5.0,4.0,4.0,4.0,2.0,4.0,4.0,1.0,4.0,4.0
Office_Conrad,2.0,5.0,5.0,2.0,4.0,4.0,2.0,3.0,3.0,3.0,3.0,3.0,1.0,3.0,3.0,1.0,3.0,3.0,2.0,2.0,2.0,1.0,2.0,2.0,1.0,1.0,1.0
UnivDorm_Prince,5.0,23.0,23.0,4.0,13.0,13.0,3.0,9.0,9.0,3.0,6.0,6.0,3.0,6.0,6.0,3.0,6.0,6.0,3.0,4.0,4.0,3.0,3.0,3.0,3.0,3.0,3.0
PrimClass_Jennifer,12.0,24.0,24.0,8.0,22.0,22.0,3.0,16.0,16.0,8.0,10.0,10.0,5.0,10.0,10.0,5.0,9.0,9.0,4.0,4.0,4.0,4.0,4.0,4.0,2.0,4.0,4.0
UnivClass_Therese,9.0,16.0,16.0,4.0,11.0,11.0,3.0,9.0,9.0,3.0,3.0,3.0,3.0,3.0,3.0,3.0,3.0,3.0,3.0,3.0,3.0,3.0,3.0,3.0,3.0,3.0,3.0
PrimClass_Jesse,10.0,19.0,19.0,7.0,16.0,16.0,3.0,16.0,16.0,8.0,9.0,9.0,5.0,8.0,8.0,3.0,7.0,7.0,5.0,5.0,5.0,3.0,5.0,5.0,3.0,5.0,5.0
Office_Mick,9.0,30.0,30.0,5.0,27.0,27.0,3.0,12.0,12.0,5.0,9.0,9.0,5.0,5.0,5.0,3.0,5.0,5.0,3.0,3.0,3.0,3.0,3.0,3.0,3.0,3.0,3.0
PrimClass_Jaxson,10.0,17.0,17.0,7.0,16.0,16.0,5.0,16.0,16.0,7.0,9.0,9.0,5.0,8.0,8.0,3.0,7.0,7.0,4.0,4.0,4.0,4.0,4.0,4.0,2.0,4.0,4.0
PrimClass_Jimmie,8.0,17.0,17.0,6.0,17.0,17.0,3.0,14.0,14.0,5.0,9.0,9.0,3.0,7.0,7.0,2.0,7.0,7.0,2.0,4.0,4.0,2.0,4.0,4.0,2.0,2.0,2.0
Office_Jayden,3.0,14.0,14.0,2.0,3.0,3.0,1.0,1.0,1.0,2.0,2.0,2.0,2.0,2.0,2.0,1.0,1.0,1.0,1.0,2.0,2.0,1.0,1.0,1.0,1.0,1.0,1.0
UnivDorm_Chelsey,5.0,18.0,18.0,4.0,14.0,14.0,3.0,5.0,5.0,3.0,8.0,8.0,3.0,8.0,8.0,2.0,3.0,3.0,2.0,2.0,2.0,2.0,2.0,2.0,2.0,2.0,2.0
PrimClass_Jayda,8.0,18.0,18.0,6.0,17.0,17.0,3.0,15.0,15.0,6.0,8.0,8.0,5.0,7.0,7.0,3.0,7.0,7.0,4.0,4.0,4.0,2.0,4.0,4.0,2.0,4.0,4.0
UnivDorm_Christopher,4.0,11.0,11.0,2.0,8.0,8.0,2.0,5.0,5.0,4.0,5.0,5.0,2.0,4.0,4.0,2.0,4.0,4.0,2.0,3.0,3.0,2.0,2.0,2.0,2.0,2.0,2.0
PrimClass_Jocelyn,12.0,18.0,18.0,8.0,17.0,17.0,4.0,15.0,15.0,5.0,9.0,9.0,5.0,8.0,8.0,3.0,7.0,7.0,4.0,4.0,4.0,4.0,4.0,4.0,4.0,4.0,4.0
PrimClass_Jeffery,9.0,17.0,17.0,6.0,15.0,15.0,3.0,12.0,12.0,7.0,9.0,9.0,5.0,7.0,7.0,2.0,7.0,7.0,4.0,4.0,4.0,2.0,4.0,4.0,2.0,4.0,4.0
UnivDorm_Cheyenne,5.0,21.0,21.0,3.0,10.0,10.0,3.0,5.0,5.0,4.0,6.0,6.0,3.0,6.0,6.0,2.0,4.0,4.0,2.0,3.0,3.0,2.0,2.0,2.0,2.0,2.0,2.0
UnivDorm_Patti,5.0,16.0,16.0,4.0,6.0,6.0,2.0,5.0,5.0,4.0,5.0,5.0,4.0,5.0,5.0,2.0,4.0,4.0,2.0,3.0,3.0,2.0,3.0,3.0,2.0,2.0,2.0
PrimClass_Jayson,12.0,22.0,22.0,6.0,18.0,18.0,3.0,16.0,16.0,7.0,7.0,7.0,5.0,7.0,7.0,3.0,7.0,7.0,4.0,4.0,4.0,4.0,4.0,4.0,2.0,4.0,4.0
UnivLab_Crystal,6.0,14.0,14.0,3.0,10.0,10.0,2.0,6.0,6.0,4.0,7.0,7.0,3.0,4.0,4.0,2.0,3.0,3.0,3.0,3.0,3.0,2.0,3.0,3.0,2.0,3.0,3.0
UnivDorm_Jeannette,3.0,17.0,17.0,2.0,4.0,4.0,0.0,3.0,3.0,2.0,3.0,3.0,1.0,2.0,2.0,0.0,0.0,0.0,1.0,3.0,3.0,1.0,1.0,1.0,0.0,0.0,0.0
Office_Moises,4.0,23.0,23.0,1.0,12.0,12.0,1.0,1.0,1.0,2.0,4.0,4.0,1.0,3.0,3.0,1.0,1.0,1.0,1.0,3.0,3.0,1.0,1.0,1.0,1.0,1.0,1.0
PrimClass_Jennie,12.0,17.0,17.0,8.0,16.0,16.0,4.0,15.0,15.0,7.0,8.0,8.0,5.0,7.0,7.0,3.0,7.0,7.0,4.0,4.0,4.0,4.0,4.0,4.0,2.0,4.0,4.0
PrimClass_Jonathon,5.0,19.0,19.0,3.0,17.0,17.0,3.0,13.0,13.0,3.0,6.0,6.0,3.0,6.0,6.0,2.0,5.0,5.0,2.0,4.0,4.0,2.0,2.0,2.0,2.0,2.0,2.0
UnivDorm_Christi,4.0,15.0,15.0,2.0,5.0,5.0,2.0,5.0,5.0,4.0,4.0,4.0,2.0,4.0,4.0,2.0,4.0,4.0,2.0,2.0,2.0,2.0,2.0,2.0,2.0,2.0,2.0
PrimClass_Jaqueline,12.0,19.0,19.0,6.0,16.0,16.0,3.0,14.0,14.0,5.0,9.0,9.0,5.0,8.0,8.0,3.0,7.0,7.0,4.0,4.0,4.0,4.0,4.0,4.0,2.0,4.0,4.0
UnivClass_Amari,6.0,21.0,21.0,3.0,15.0,15.0,2.0,11.0,11.0,4.0,8.0,8.0,3.0,6.0,6.0,2.0,4.0,4.0,3.0,4.0,4.0,2.0,3.0,3.0,2.0,3.0,3.0
Office_Tod,5.0,23.0,23.0,3.0,19.0,19.0,3.0,8.0,8.0,2.0,4.0,4.0,2.0,2.0,2.0,2.0,2.0,2.0,1.0,1.0,1.0,1.0,1.0,1.0,1.0,1.0,1.0
PrimClass_Jeremy,12.0,20.0,20.0,6.0,17.0,17.0,5.0,12.0,12.0,5.0,9.0,9.0,5.0,7.0,7.0,3.0,7.0,7.0,4.0,4.0,4.0,4.0,4.0,4.0,2.0,4.0,4.0
PrimClass_Josue,8.0,19.0,19.0,5.0,18.0,18.0,3.0,15.0,15.0,7.0,9.0,9.0,5.0,8.0,8.0,3.0,7.0,7.0,4.0,4.0,4.0,2.0,4.0,4.0,2.0,4.0,4.0
UnivDorm_Marlene,7.0,13.0,13.0,5.0,8.0,8.0,2.0,8.0,8.0,4.0,7.0,7.0,4.0,6.0,6.0,3.0,4.0,4.0,3.0,3.0,3.0,3.0,3.0,3.0,3.0,3.0,3.0
UnivClass_Teri,7.0,19.0,19.0,2.0,11.0,11.0,2.0,7.0,7.0,2.0,4.0,4.0,1.0,3.0,3.0,1.0,1.0,1.0,2.0,3.0,3.0,1.0,2.0,2.0,1.0,1.0,1.0
PrimClass_Julio,6.0,18.0,18.0,3.0,15.0,15.0,3.0,13.0,13.0,6.0,8.0,8.0,3.0,7.0,7.0,2.0,6.0,6.0,4.0,4.0,4.0,2.0,4.0,4.0,2.0,4.0,4.0
UnivDorm_Cheri,5.0,15.0,15.0,2.0,9.0,9.0,2.0,6.0,6.0,4.0,7.0,7.0,3.0,4.0,4.0,2.0,4.0,4.0,2.0,3.0,3.0,2.0,3.0,3.0,2.0,2.0,2.0
UnivDorm_Lorraine,2.0,7.0,7.0,2.0,2.0,2.0,2.0,2.0,2.0,2.0,2.0,2.0,2.0,2.0,2.0,2.0,2.0,2.0,2.0,2.0,2.0,2.0,2.0,2.0,2.0,2.0,2.0
PrimClass_Jacquelyn,13.0,20.0,20.0,6.0,17.0,17.0,3.0,17.0,17.0,7.0,8.0,8.0,5.0,8.0,8.0,3.0,7.0,7.0,4.0,4.0,4.0,4.0,4.0,4.0,2.0,4.0,4.0
PrimClass_Juanita,3.0,19.0,19.0,3.0,14.0,14.0,3.0,12.0,12.0,5.0,7.0,7.0,2.0,5.0,5.0,2.0,5.0,5.0,2.0,2.0,2.0,2.0,2.0,2.0,1.0,2.0,2.0
PrimClass_Joel,12.0,19.0,19.0,8.0,16.0,16.0,4.0,15.0,15.0,7.0,10.0,10.0,5.0,9.0,9.0,4.0,9.0,9.0,4.0,4.0,4.0,4.0,4.0,4.0,4.0,4.0,4.0
Office_Marcus,5.0,23.0,23.0,3.0,18.0,18.0,0.0,12.0,12.0,4.0,6.0,6.0,2.0,5.0,5.0,0.0,3.0,3.0,3.0,3.0,3.0,0.0,3.0,3.0,0.0,3.0,3.0
UnivClass_Candy,9.0,25.0,25.0,4.0,17.0,17.0,2.0,12.0,12.0,4.0,8.0,8.0,4.0,7.0,7.0,3.0,7.0,7.0,4.0,5.0,5.0,3.0,4.0,4.0,2.0,3.0,3.0
PrimClass_Joey,7.0,18.0,18.0,4.0,16.0,16.0,3.0,13.0,13.0,5.0,9.0,9.0,3.0,5.0,5.0,3.0,5.0,5.0,4.0,4.0,4.0,2.0,4.0,4.0,2.0,4.0,4.0
UnivDorm_Celeste,5.0,20.0,20.0,4.0,11.0,11.0,2.0,10.0,10.0,4.0,8.0,8.0,2.0,5.0,5.0,2.0,5.0,5.0,3.0,4.0,4.0,2.0,2.0,2.0,2.0,2.0,2.0
UnivClass_Shawna,7.0,18.0,18.0,3.0,9.0,9.0,2.0,7.0,7.0,5.0,6.0,6.0,2.0,5.0,5.0,2.0,4.0,4.0,2.0,2.0,2.0,2.0,2.0,2.0,2.0,2.0,2.0
PrimClass_Joanna,6.0,18.0,18.0,3.0,17.0,17.0,3.0,12.0,12.0,5.0,7.0,7.0,3.0,7.0,7.0,2.0,7.0,7.0,2.0,4.0,4.0,2.0,2.0,2.0,1.0,2.0,2.0
UnivClass_Ariana,5.0,25.0,25.0,2.0,20.0,20.0,2.0,18.0,18.0,2.0,9.0,9.0,2.0,8.0,8.0,0.0,2.0,2.0,2.0,3.0,3.0,2.0,3.0,3.0,0.0,2.0,2.0
PrimClass_Jediah,10.0,18.0,18.0,6.0,15.0,15.0,3.0,14.0,14.0,5.0,9.0,9.0,5.0,9.0,9.0,3.0,7.0,7.0,4.0,4.0,4.0,4.0,4.0,4.0,2.0,4.0,4.0
Office_Bobbi,5.0,28.0,28.0,2.0,12.0,12.0,2.0,9.0,9.0,4.0,9.0,9.0,2.0,4.0,4.0,2.0,4.0,4.0,3.0,3.0,3.0,1.0,3.0,3.0,0.0,0.0,0.0
Office_Georgia,6.0,24.0,24.0,6.0,17.0,17.0,3.0,8.0,8.0,2.0,5.0,5.0,2.0,2.0,2.0,0.0,2.0,2.0,1.0,1.0,1.0,1.0,1.0,1.0,0.0,0.0,0.0
PrimClass_Janelle,13.0,22.0,22.0,8.0,19.0,19.0,6.0,17.0,17.0,7.0,10.0,10.0,5.0,10.0,10.0,5.0,10.0,10.0,4.0,4.0,4.0,4.0,4.0,4.0,4.0,4.0,4.0
Office_Skyler,9.0,20.0,20.0,3.0,13.0,13.0,3.0,10.0,10.0,2.0,7.0,7.0,2.0,3.0,3.0,0.0,2.0,2.0,2.0,2.0,2.0,1.0,2.0,2.0,0.0,0.0,0.0
Office_Marc,2.0,20.0,20.0,2.0,12.0,12.0,0.0,2.0,2.0,2.0,8.0,8.0,2.0,4.0,4.0,0.0,2.0,2.0,2.0,4.0,4.0,2.0,3.0,3.0,0.0,2.0,2.0
Office_Mary,3.0,29.0,29.0,3.0,18.0,18.0,0.0,14.0,14.0,2.0,5.0,5.0,2.0,4.0,4.0,0.0,2.0,2.0,2.0,4.0,4.0,1.0,2.0,2.0,0.0,0.0,0.0
UnivDorm_Payton,6.0,19.0,19.0,5.0,10.0,10.0,5.0,9.0,9.0,5.0,7.0,7.0,5.0,7.0,7.0,5.0,7.0,7.0,4.0,4.0,4.0,3.0,4.0,4.0,2.0,3.0,3.0
Office_Ayesha,6.0,27.0,27.0,4.0,15.0,15.0,0.0,7.0,7.0,3.0,9.0,9.0,0.0,7.0,7.0,0.0,0.0,0.0,2.0,4.0,4.0,0.0,2.0,2.0,0.0,0.0,0.0
PrimClass_Jane,9.0,20.0,20.0,6.0,16.0,16.0,3.0,12.0,12.0,6.0,7.0,7.0,5.0,7.0,7.0,2.0,6.0,6.0,4.0,4.0,4.0,2.0,4.0,4.0,1.0,4.0,4.0
PrimClass_Jon,8.0,18.0,18.0,3.0,13.0,13.0,3.0,10.0,10.0,6.0,9.0,9.0,2.0,8.0,8.0,2.0,4.0,4.0,2.0,4.0,4.0,2.0,4.0,4.0,2.0,2.0,2.0
UnivDorm_Patty,2.0,5.0,5.0,2.0,4.0,4.0,2.0,2.0,2.0,2.0,4.0,4.0,2.0,4.0,4.0,2.0,2.0,2.0,2.0,2.0,2.0,2.0,2.0,2.0,2.0,2.0,2.0
UnivDorm_Adan,9.0,14.0,14.0,7.0,10.0,10.0,4.0,10.0,10.0,3.0,7.0,7.0,3.0,3.0,3.0,3.0,3.0,3.0,3.0,3.0,3.0,2.0,3.0,3.0,2.0,3.0,3.0
Office_Monty,7.0,20.0,20.0,2.0,14.0,14.0,0.0,12.0,12.0,2.0,5.0,5.0,2.0,4.0,4.0,2.0,3.0,3.0,2.0,3.0,3.0,2.0,3.0,3.0,2.0,2.0,2.0
UnivLab_Clint,4.0,23.0,23.0,2.0,11.0,11.0,2.0,3.0,3.0,2.0,4.0,4.0,2.0,2.0,2.0,2.0,2.0,2.0,2.0,3.0,3.0,1.0,2.0,2.0,0.0,0.0,0.0
PrimClass_Jake,8.0,22.0,22.0,3.0,20.0,20.0,3.0,15.0,15.0,6.0,10.0,10.0,3.0,8.0,8.0,2.0,7.0,7.0,4.0,4.0,4.0,4.0,4.0,4.0,2.0,4.0,4.0
Office_Joan,6.0,24.0,24.0,3.0,17.0,17.0,3.0,14.0,14.0,3.0,8.0,8.0,2.0,5.0,5.0,2.0,3.0,3.0,2.0,4.0,4.0,2.0,2.0,2.0,1.0,2.0,2.0
UnivLab_Cesar,8.0,26.0,26.0,5.0,19.0,19.0,0.0,6.0,6.0,5.0,7.0,7.0,3.0,6.0,6.0,0.0,0.0,0.0,4.0,4.0,4.0,2.0,3.0,3.0,0.0,0.0,0.0
UnivDorm_Cian,4.0,7.0,7.0,3.0,5.0,5.0,2.0,5.0,5.0,3.0,6.0,6.0,3.0,4.0,4.0,2.0,3.0,3.0,2.0,2.0,2.0,2.0,2.0,2.0,2.0,2.0,2.0
PrimClass_Johnnie,5.0,21.0,21.0,3.0,15.0,15.0,3.0,12.0,12.0,4.0,7.0,7.0,2.0,7.0,7.0,2.0,4.0,4.0,3.0,3.0,3.0,2.0,3.0,3.0,1.0,2.0,2.0
Office_Marlon,7.0,21.0,21.0,2.0,18.0,18.0,2.0,12.0,12.0,4.0,6.0,6.0,3.0,6.0,6.0,2.0,6.0,6.0,4.0,4.0,4.0,3.0,4.0,4.0,2.0,4.0,4.0
UnivDorm_Curtis,10.0,14.0,14.0,5.0,12.0,12.0,1.0,12.0,12.0,5.0,8.0,8.0,2.0,8.0,8.0,1.0,8.0,8.0,3.0,3.0,3.0,2.0,3.0,3.0,1.0,3.0,3.0
UnivDorm_Leonard,7.0,18.0,18.0,4.0,11.0,11.0,3.0,7.0,7.0,6.0,9.0,9.0,3.0,9.0,9.0,3.0,6.0,6.0,2.0,2.0,2.0,2.0,2.0,2.0,2.0,2.0,2.0
Office_Javon,3.0,8.0,8.0,3.0,3.0,3.0,2.0,3.0,3.0,0.0,2.0,2.0,0.0,0.0,0.0,0.0,0.0,0.0,0.0,2.0,2.0,0.0,0.0,0.0,0.0,0.0,0.0
UnivClass_Pete,2.0,18.0,18.0,1.0,6.0,6.0,0.0,0.0,0.0,1.0,6.0,6.0,1.0,1.0,1.0,0.0,0.0,0.0,1.0,3.0,3.0,1.0,1.0,1.0,0.0,0.0,0.0
PrimClass_Johnathon,8.0,18.0,18.0,4.0,17.0,17.0,3.0,16.0,16.0,3.0,10.0,10.0,3.0,9.0,9.0,2.0,8.0,8.0,2.0,4.0,4.0,2.0,4.0,4.0,2.0,2.0,2.0
Office_Jeanne,7.0,25.0,25.0,3.0,15.0,15.0,3.0,10.0,10.0,0.0,4.0,4.0,0.0,0.0,0.0,0.0,0.0,0.0,0.0,0.0,0.0,0.0,0.0,0.0,0.0,0.0,0.0
PrimClass_Jamie,8.0,16.0,16.0,4.0,15.0,15.0,2.0,14.0,14.0,5.0,7.0,7.0,3.0,7.0,7.0,2.0,7.0,7.0,4.0,4.0,4.0,2.0,4.0,4.0,2.0,4.0,4.0
Office_Pamela,2.0,20.0,20.0,1.0,6.0,6.0,1.0,1.0,1.0,1.0,7.0,7.0,1.0,1.0,1.0,1.0,1.0,1.0,1.0,2.0,2.0,1.0,1.0,1.0,1.0,1.0,1.0
Office_Allyson,2.0,13.0,13.0,1.0,2.0,2.0,0.0,0.0,0.0,2.0,3.0,3.0,1.0,2.0,2.0,0.0,0.0,0.0,2.0,3.0,3.0,2.0,2.0,2.0,0.0,0.0,0.0
PrimClass_Jacob,7.0,19.0,19.0,3.0,15.0,15.0,2.0,15.0,15.0,5.0,10.0,10.0,3.0,7.0,7.0,0.0,7.0,7.0,3.0,3.0,3.0,3.0,3.0,3.0,1.0,2.0,2.0
Office_Amelie,5.0,15.0,15.0,2.0,7.0,7.0,2.0,2.0,2.0,3.0,3.0,3.0,2.0,2.0,2.0,2.0,2.0,2.0,2.0,2.0,2.0,2.0,2.0,2.0,2.0,2.0,2.0
UnivDorm_Patrice,5.0,16.0,16.0,3.0,12.0,12.0,2.0,5.0,5.0,2.0,3.0,3.0,2.0,3.0,3.0,2.0,2.0,2.0,2.0,3.0,3.0,2.0,2.0,2.0,2.0,2.0,2.0
UnivClass_Alexander,2.0,18.0,18.0,3.0,12.0,12.0,0.0,0.0,0.0,4.0,6.0,6.0,0.0,0.0,0.0,0.0,0.0,0.0,0.0,2.0,2.0,0.0,0.0,0.0,0.0,0.0,0.0
Office_Maximus,4.0,17.0,17.0,0.0,5.0,5.0,0.0,0.0,0.0,2.0,3.0,3.0,0.0,0.0,0.0,0.0,0.0,0.0,0.0,0.0,0.0,0.0,0.0,0.0,0.0,0.0,0.0
Office_Ava,1.0,11.0,11.0,1.0,1.0,1.0,0.0,0.0,0.0,1.0,3.0,3.0,1.0,1.0,1.0,0.0,0.0,0.0,1.0,3.0,3.0,1.0,1.0,1.0,0.0,0.0,0.0
Office_Michael,6.0,30.0,30.0,5.0,28.0,28.0,3.0,25.0,25.0,5.0,8.0,8.0,4.0,7.0,7.0,0.0,5.0,5.0,3.0,3.0,3.0,3.0,3.0,3.0,0.0,3.0,3.0
Office_Caleb,5.0,27.0,27.0,2.0,14.0,14.0,2.0,5.0,5.0,1.0,4.0,4.0,1.0,1.0,1.0,0.0,0.0,0.0,0.0,0.0,0.0,0.0,0.0,0.0,0.0,0.0,0.0
Office_Scottie,6.0,15.0,15.0,3.0,10.0,10.0,3.0,8.0,8.0,2.0,4.0,4.0,2.0,2.0,2.0,0.0,2.0,2.0,0.0,0.0,0.0,0.0,0.0,0.0,0.0,0.0,0.0
Office_Cecelia,4.0,8.0,8.0,4.0,6.0,6.0,3.0,4.0,4.0,2.0,5.0,5.0,2.0,2.0,2.0,2.0,2.0,2.0,2.0,2.0,2.0,2.0,2.0,2.0,2.0,2.0,2.0
Office_Nelson,6.0,19.0,19.0,5.0,8.0,8.0,3.0,5.0,5.0,3.0,4.0,4.0,3.0,3.0,3.0,0.0,3.0,3.0,0.0,3.0,3.0,0.0,0.0,0.0,0.0,0.0,0.0
PrimClass_Angela,6.0,22.0,22.0,2.0,18.0,18.0,0.0,11.0,11.0,4.0,7.0,7.0,2.0,5.0,5.0,0.0,4.0,4.0,2.0,3.0,3.0,2.0,3.0,3.0,0.0,2.0,2.0
Office_Abbey,0.0,10.0,10.0,0.0,0.0,0.0,0.0,0.0,0.0,0.0,6.0,6.0,0.0,0.0,0.0,0.0,0.0,0.0,0.0,0.0,0.0,0.0,0.0,0.0,0.0,0.0,0.0
UnivDorm_Candace,5.0,18.0,18.0,3.0,10.0,10.0,0.0,7.0,7.0,3.0,8.0,8.0,2.0,3.0,3.0,0.0,3.0,3.0,2.0,3.0,3.0,2.0,2.0,2.0,0.0,2.0,2.0
UnivDorm_Clayton,5.0,10.0,10.0,5.0,10.0,10.0,4.0,5.0,5.0,3.0,5.0,5.0,3.0,4.0,4.0,2.0,3.0,3.0,2.0,2.0,2.0,2.0,2.0,2.0,2.0,2.0,2.0
UnivDorm_Ahmad,6.0,10.0,10.0,2.0,8.0,8.0,2.0,3.0,3.0,5.0,8.0,8.0,2.0,8.0,8.0,2.0,2.0,2.0,4.0,4.0,4.0,2.0,4.0,4.0,2.0,2.0,2.0
UnivClass_Armando,4.0,5.0,5.0,2.0,3.0,3.0,2.0,3.0,3.0,2.0,3.0,3.0,2.0,3.0,3.0,2.0,2.0,2.0,2.0,2.0,2.0,2.0,2.0,2.0,2.0,2.0,2.0
UnivDorm_April,8.0,10.0,10.0,2.0,10.0,10.0,2.0,9.0,9.0,6.0,6.0,6.0,4.0,5.0,5.0,3.0,4.0,4.0,4.0,4.0,4.0,3.0,3.0,3.0,3.0,3.0,3.0
Office_John,3.0,10.0,10.0,3.0,3.0,3.0,0.0,3.0,3.0,0.0,0.0,0.0,0.0,0.0,0.0,0.0,0.0,0.0,0.0,0.0,0.0,0.0,0.0,0.0,0.0,0.0,0.0
Office_Moses,5.0,20.0,20.0,3.0,15.0,15.0,2.0,7.0,7.0,2.0,7.0,7.0,2.0,6.0,6.0,2.0,2.0,2.0,2.0,3.0,3.0,2.0,3.0,3.0,1.0,2.0,2.0
UnivDorm_Corey,3.0,16.0,16.0,3.0,6.0,6.0,2.0,4.0,4.0,3.0,6.0,6.0,2.0,5.0,5.0,2.0,3.0,3.0,2.0,3.0,3.0,2.0,3.0,3.0,2.0,2.0,2.0
Office_Martha,5.0,19.0,19.0,4.0,15.0,15.0,2.0,8.0,8.0,3.0,6.0,6.0,2.0,3.0,3.0,0.0,3.0,3.0,3.0,3.0,3.0,0.0,2.0,2.0,0.0,0.0,0.0
UnivClass_Anamaria,5.0,23.0,23.0,1.0,9.0,9.0,0.0,0.0,0.0,1.0,8.0,8.0,1.0,3.0,3.0,0.0,0.0,0.0,1.0,3.0,3.0,1.0,2.0,2.0,0.0,0.0,0.0
UnivDorm_Cooper,8.0,18.0,18.0,2.0,12.0,12.0,2.0,8.0,8.0,6.0,9.0,9.0,0.0,7.0,7.0,0.0,0.0,0.0,3.0,4.0,4.0,0.0,2.0,2.0,0.0,0.0,0.0
UnivClass_Andy,3.0,7.0,7.0,2.0,3.0,3.0,1.0,3.0,3.0,3.0,3.0,3.0,2.0,3.0,3.0,1.0,3.0,3.0,3.0,3.0,3.0,1.0,3.0,3.0,1.0,3.0,3.0
UnivClass_Archie,2.0,25.0,25.0,2.0,22.0,22.0,2.0,8.0,8.0,2.0,10.0,10.0,2.0,8.0,8.0,0.0,2.0,2.0,3.0,3.0,3.0,1.0,3.0,3.0,0.0,0.0,0.0
Office_Mercedes,3.0,21.0,21.0,3.0,12.0,12.0,0.0,9.0,9.0,4.0,7.0,7.0,2.0,7.0,7.0,0.0,4.0,4.0,2.0,4.0,4.0,2.0,4.0,4.0,0.0,2.0,2.0
UnivClass_Stuart,7.0,20.0,20.0,3.0,11.0,11.0,3.0,11.0,11.0,3.0,7.0,7.0,3.0,6.0,6.0,2.0,3.0,3.0,2.0,2.0,2.0,2.0,2.0,2.0,1.0,2.0,2.0
Office_Mat,7.0,25.0,25.0,2.0,22.0,22.0,1.0,11.0,11.0,7.0,9.0,9.0,1.0,7.0,7.0,1.0,7.0,7.0,3.0,3.0,3.0,2.0,3.0,3.0,1.0,3.0,3.0
Office_Clifton,4.0,25.0,25.0,2.0,6.0,6.0,2.0,4.0,4.0,3.0,4.0,4.0,2.0,2.0,2.0,1.0,2.0,2.0,2.0,2.0,2.0,2.0,2.0,2.0,1.0,2.0,2.0
UnivLab_Cindy,3.0,18.0,18.0,2.0,15.0,15.0,2.0,3.0,3.0,2.0,3.0,3.0,1.0,3.0,3.0,0.0,0.0,0.0,1.0,2.0,2.0,1.0,1.0,1.0,0.0,0.0,0.0
UnivLab_Neil,4.0,18.0,18.0,2.0,11.0,11.0,1.0,2.0,2.0,2.0,5.0,5.0,2.0,2.0,2.0,1.0,2.0,2.0,2.0,2.0,2.0,1.0,2.0,2.0,1.0,1.0,1.0
Office_Marilyn,5.0,16.0,16.0,3.0,8.0,8.0,0.0,5.0,5.0,3.0,3.0,3.0,2.0,3.0,3.0,0.0,3.0,3.0,1.0,1.0,1.0,0.0,0.0,0.0,0.0,0.0,0.0
UnivDorm_Malachi,6.0,11.0,11.0,4.0,8.0,8.0,2.0,7.0,7.0,6.0,7.0,7.0,4.0,7.0,7.0,2.0,6.0,6.0,3.0,3.0,3.0,1.0,3.0,3.0,1.0,3.0,3.0
UnivDorm_Mathew,6.0,19.0,19.0,4.0,8.0,8.0,4.0,8.0,8.0,6.0,8.0,8.0,4.0,7.0,7.0,4.0,7.0,7.0,3.0,3.0,3.0,3.0,3.0,3.0,3.0,3.0,3.0
UnivDorm_Ashleigh,6.0,19.0,19.0,3.0,16.0,16.0,2.0,7.0,7.0,4.0,8.0,8.0,3.0,6.0,6.0,2.0,4.0,4.0,2.0,2.0,2.0,2.0,2.0,2.0,2.0,2.0,2.0
Office_Malik,5.0,15.0,15.0,2.0,13.0,13.0,2.0,7.0,7.0,2.0,4.0,4.0,2.0,3.0,3.0,2.0,2.0,2.0,2.0,3.0,3.0,2.0,3.0,3.0,2.0,2.0,2.0
UnivClass_Sam,5.0,17.0,17.0,3.0,8.0,8.0,3.0,6.0,6.0,3.0,6.0,6.0,2.0,4.0,4.0,2.0,3.0,3.0,2.0,2.0,2.0,1.0,2.0,2.0,1.0,2.0,2.0
UnivClass_Alec,3.0,8.0,8.0,2.0,3.0,3.0,1.0,3.0,3.0,3.0,3.0,3.0,2.0,3.0,3.0,1.0,1.0,1.0,2.0,3.0,3.0,2.0,2.0,2.0,1.0,1.0,1.0
UnivClass_Alvin,4.0,29.0,29.0,0.0,7.0,7.0,0.0,0.0,0.0,2.0,7.0,7.0,0.0,3.0,3.0,0.0,0.0,0.0,2.0,3.0,3.0,0.0,2.0,2.0,0.0,0.0,0.0
Office_Alyson,3.0,7.0,7.0,1.0,4.0,4.0,1.0,1.0,1.0,2.0,5.0,5.0,1.0,3.0,3.0,1.0,1.0,1.0,2.0,3.0,3.0,1.0,3.0,3.0,0.0,0.0,0.0
Office_Benjamin,8.0,26.0,26.0,2.0,23.0,23.0,0.0,12.0,12.0,3.0,7.0,7.0,1.0,6.0,6.0,0.0,0.0,0.0,1.0,4.0,4.0,1.0,4.0,4.0,0.0,0.0,0.0
UnivDorm_Piper,7.0,17.0,17.0,4.0,12.0,12.0,2.0,6.0,6.0,6.0,6.0,6.0,3.0,6.0,6.0,2.0,5.0,5.0,3.0,3.0,3.0,3.0,3.0,3.0,2.0,2.0,2.0
UnivDorm_Colton,7.0,11.0,11.0,5.0,10.0,10.0,3.0,8.0,8.0,3.0,7.0,7.0,3.0,3.0,3.0,3.0,3.0,3.0,3.0,3.0,3.0,3.0,3.0,3.0,3.0,3.0,3.0
UnivDorm_Paola,5.0,9.0,9.0,2.0,7.0,7.0,2.0,5.0,5.0,2.0,3.0,3.0,2.0,2.0,2.0,2.0,2.0,2.0,2.0,3.0,3.0,2.0,2.0,2.0,2.0,2.0,2.0
UnivLab_Miles,6.0,25.0,25.0,2.0,11.0,11.0,2.0,11.0,11.0,4.0,6.0,6.0,2.0,6.0,6.0,1.0,5.0,5.0,4.0,4.0,4.0,1.0,3.0,3.0,1.0,3.0,3.0
UnivDorm_Lawrence,3.0,16.0,16.0,3.0,12.0,12.0,3.0,10.0,10.0,4.0,5.0,5.0,2.0,4.0,4.0,1.0,4.0,4.0,2.0,2.0,2.0,2.0,2.0,2.0,1.0,2.0,2.0
UnivClass_Sheila,8.0,19.0,19.0,3.0,14.0,14.0,3.0,10.0,10.0,5.0,7.0,7.0,2.0,5.0,5.0,2.0,5.0,5.0,2.0,2.0,2.0,2.0,2.0,2.0,1.0,2.0,2.0
UnivDorm_Alonzo,5.0,10.0,10.0,4.0,6.0,6.0,1.0,6.0,6.0,4.0,6.0,6.0,4.0,5.0,5.0,1.0,5.0,5.0,4.0,4.0,4.0,4.0,4.0,4.0,2.0,4.0,4.0
UnivClass_Beatrice,3.0,23.0,23.0,1.0,16.0,16.0,0.0,0.0,0.0,2.0,3.0,3.0,1.0,2.0,2.0,0.0,0.0,0.0,1.0,2.0,2.0,1.0,1.0,1.0,0.0,0.0,0.0
Office_Mohammed,4.0,21.0,21.0,1.0,19.0,19.0,0.0,11.0,11.0,3.0,9.0,9.0,1.0,9.0,9.0,0.0,7.0,7.0,2.0,4.0,4.0,1.0,4.0,4.0,0.0,0.0,0.0
UnivDorm_Chester,5.0,13.0,13.0,4.0,11.0,11.0,4.0,5.0,5.0,3.0,6.0,6.0,3.0,3.0,3.0,2.0,2.0,2.0,2.0,2.0,2.0,2.0,2.0,2.0,2.0,2.0,2.0
UnivLab_Tami,5.0,23.0,23.0,2.0,15.0,15.0,2.0,7.0,7.0,4.0,5.0,5.0,2.0,3.0,3.0,2.0,3.0,3.0,2.0,3.0,3.0,2.0,3.0,3.0,2.0,2.0,2.0
Office_Bianca,3.0,32.0,32.0,1.0,30.0,30.0,1.0,1.0,1.0,2.0,6.0,6.0,0.0,0.0,0.0,0.0,0.0,0.0,1.0,1.0,1.0,0.0,0.0,0.0,0.0,0.0,0.0
UnivDorm_Phillip,5.0,13.0,13.0,4.0,8.0,8.0,2.0,5.0,5.0,4.0,5.0,5.0,4.0,5.0,5.0,2.0,5.0,5.0,2.0,2.0,2.0,2.0,2.0,2.0,2.0,2.0,2.0
UnivDorm_Mitch,4.0,18.0,18.0,2.0,12.0,12.0,2.0,7.0,7.0,3.0,8.0,8.0,2.0,5.0,5.0,2.0,4.0,4.0,3.0,3.0,3.0,2.0,3.0,3.0,1.0,3.0,3.0
UnivDorm_Casey,7.0,13.0,13.0,2.0,10.0,10.0,2.0,2.0,2.0,4.0,6.0,6.0,2.0,3.0,3.0,2.0,2.0,2.0,3.0,3.0,3.0,2.0,2.0,2.0,2.0,2.0,2.0
UnivClass_Colette,4.0,24.0,24.0,2.0,17.0,17.0,2.0,8.0,8.0,3.0,7.0,7.0,3.0,4.0,4.0,2.0,4.0,4.0,2.0,2.0,2.0,2.0,2.0,2.0,1.0,2.0,2.0
Office_Benthe,5.0,21.0,21.0,1.0,17.0,17.0,1.0,4.0,4.0,4.0,8.0,8.0,1.0,6.0,6.0,1.0,3.0,3.0,3.0,4.0,4.0,1.0,3.0,3.0,1.0,3.0,3.0
Office_Gemma,6.0,22.0,22.0,3.0,13.0,13.0,2.0,7.0,7.0,1.0,4.0,4.0,1.0,1.0,1.0,0.0,0.0,0.0,1.0,1.0,1.0,1.0,1.0,1.0,0.0,0.0,0.0
UnivDorm_Leticia,7.0,16.0,16.0,3.0,11.0,11.0,3.0,8.0,8.0,6.0,8.0,8.0,2.0,8.0,8.0,2.0,7.0,7.0,3.0,4.0,4.0,2.0,3.0,3.0,1.0,3.0,3.0
Office_Micheal,9.0,29.0,29.0,2.0,18.0,18.0,2.0,10.0,10.0,3.0,5.0,5.0,3.0,5.0,5.0,3.0,3.0,3.0,3.0,3.0,3.0,3.0,3.0,3.0,0.0,3.0,3.0
UnivClass_Abraham,2.0,27.0,27.0,2.0,20.0,20.0,0.0,2.0,2.0,2.0,7.0,7.0,2.0,3.0,3.0,0.0,0.0,0.0,3.0,3.0,3.0,2.0,2.0,2.0,0.0,0.0,0.0
UnivDorm_Leslie,5.0,15.0,15.0,5.0,10.0,10.0,3.0,9.0,9.0,6.0,8.0,8.0,4.0,8.0,8.0,2.0,8.0,8.0,3.0,3.0,3.0,2.0,2.0,2.0,2.0,2.0,2.0
UnivDorm_Poppy,6.0,15.0,15.0,3.0,15.0,15.0,2.0,3.0,3.0,2.0,4.0,4.0,2.0,2.0,2.0,2.0,2.0,2.0,2.0,2.0,2.0,2.0,2.0,2.0,2.0,2.0,2.0
Office_Corbin,4.0,21.0,21.0,2.0,11.0,11.0,2.0,4.0,4.0,4.0,8.0,8.0,2.0,7.0,7.0,0.0,4.0,4.0,3.0,3.0,3.0,0.0,3.0,3.0,0.0,3.0,3.0
Office_Aubrey,5.0,14.0,14.0,3.0,7.0,7.0,2.0,3.0,3.0,5.0,5.0,5.0,2.0,5.0,5.0,2.0,3.0,3.0,4.0,4.0,4.0,2.0,4.0,4.0,2.0,3.0,3.0
Office_Autumn,1.0,6.0,6.0,1.0,1.0,1.0,0.0,0.0,0.0,1.0,1.0,1.0,1.0,1.0,1.0,0.0,0.0,0.0,0.0,0.0,0.0,0.0,0.0,0.0,0.0,0.0,0.0
Office_Abigail,4.0,17.0,17.0,2.0,4.0,4.0,2.0,2.0,2.0,3.0,4.0,4.0,2.0,3.0,3.0,2.0,2.0,2.0,2.0,3.0,3.0,2.0,2.0,2.0,2.0,2.0,2.0
Office_Mark,7.0,27.0,27.0,3.0,20.0,20.0,2.0,7.0,7.0,3.0,4.0,4.0,2.0,3.0,3.0,2.0,2.0,2.0,3.0,3.0,3.0,2.0,3.0,3.0,2.0,2.0,2.0
UnivDorm_Lysander,5.0,9.0,9.0,2.0,9.0,9.0,1.0,7.0,7.0,3.0,6.0,6.0,2.0,3.0,3.0,1.0,2.0,2.0,2.0,2.0,2.0,2.0,2.0,2.0,1.0,2.0,2.0
UnivClass_Christian,7.0,26.0,26.0,2.0,18.0,18.0,2.0,4.0,4.0,1.0,9.0,9.0,2.0,9.0,9.0,2.0,4.0,4.0,4.0,4.0,4.0,1.0,2.0,2.0,0.0,0.0,0.0
UnivClass_Alexandra,4.0,29.0,29.0,2.0,23.0,23.0,2.0,15.0,15.0,4.0,9.0,9.0,2.0,9.0,9.0,2.0,3.0,3.0,2.0,4.0,4.0,2.0,2.0,2.0,2.0,2.0,2.0
UnivLab_Tracie,3.0,20.0,20.0,3.0,14.0,14.0,2.0,8.0,8.0,2.0,4.0,4.0,0.0,3.0,3.0,0.0,0.0,0.0,1.0,3.0,3.0,0.0,0.0,0.0,0.0,0.0,0.0
UnivClass_Philip,3.0,21.0,21.0,2.0,14.0,14.0,0.0,3.0,3.0,2.0,6.0,6.0,2.0,4.0,4.0,0.0,2.0,2.0,2.0,3.0,3.0,0.0,0.0,0.0,0.0,0.0,0.0
UnivDorm_Antonio,8.0,17.0,17.0,7.0,12.0,12.0,4.0,9.0,9.0,7.0,7.0,7.0,3.0,6.0,6.0,3.0,6.0,6.0,4.0,4.0,4.0,2.0,3.0,3.0,2.0,3.0,3.0
UnivDorm_Malcolm,8.0,16.0,16.0,5.0,15.0,15.0,2.0,9.0,9.0,6.0,8.0,8.0,4.0,7.0,7.0,4.0,6.0,6.0,4.0,4.0,4.0,4.0,4.0,4.0,3.0,4.0,4.0
Office_Travis,4.0,23.0,23.0,3.0,19.0,19.0,0.0,5.0,5.0,2.0,4.0,4.0,2.0,2.0,2.0,0.0,2.0,2.0,2.0,2.0,2.0,2.0,2.0,2.0,0.0,2.0,2.0
Office_Lena,6.0,16.0,16.0,3.0,8.0,8.0,3.0,6.0,6.0,3.0,5.0,5.0,2.0,3.0,3.0,2.0,2.0,2.0,1.0,3.0,3.0,1.0,1.0,1.0,1.0,1.0,1.0
Office_Max,10.0,27.0,27.0,3.0,20.0,20.0,2.0,14.0,14.0,5.0,8.0,8.0,2.0,5.0,5.0,0.0,0.0,0.0,4.0,4.0,4.0,0.0,0.0,0.0,0.0,0.0,0.0
UnivClass_Allen,5.0,23.0,23.0,2.0,16.0,16.0,0.0,5.0,5.0,4.0,9.0,9.0,2.0,6.0,6.0,0.0,4.0,4.0,3.0,5.0,5.0,3.0,4.0,4.0,1.0,4.0,4.0
UnivDorm_Ciaran,7.0,11.0,11.0,6.0,10.0,10.0,4.0,10.0,10.0,4.0,5.0,5.0,3.0,5.0,5.0,3.0,5.0,5.0,2.0,3.0,3.0,2.0,2.0,2.0,2.0,2.0,2.0
UnivClass_Pandora,4.0,24.0,24.0,2.0,20.0,20.0,0.0,4.0,4.0,2.0,9.0,9.0,1.0,7.0,7.0,0.0,2.0,2.0,1.0,3.0,3.0,1.0,1.0,1.0,0.0,0.0,0.0
Office_Gustavo,3.0,17.0,17.0,3.0,6.0,6.0,2.0,3.0,3.0,3.0,4.0,4.0,0.0,4.0,4.0,0.0,0.0,0.0,2.0,3.0,3.0,0.0,3.0,3.0,0.0,0.0,0.0
UnivDorm_Alyssa,2.0,19.0,19.0,2.0,12.0,12.0,2.0,2.0,2.0,2.0,2.0,2.0,2.0,2.0,2.0,2.0,2.0,2.0,2.0,2.0,2.0,2.0,2.0,2.0,2.0,2.0,2.0
UnivClass_Axel,3.0,19.0,19.0,2.0,2.0,2.0,2.0,2.0,2.0,2.0,5.0,5.0,2.0,2.0,2.0,2.0,2.0,2.0,2.0,2.0,2.0,2.0,2.0,2.0,2.0,2.0,2.0
UnivDorm_Phoebe,3.0,27.0,27.0,2.0,14.0,14.0,1.0,6.0,6.0,3.0,7.0,7.0,2.0,3.0,3.0,1.0,2.0,2.0,2.0,2.0,2.0,2.0,2.0,2.0,1.0,2.0,2.0
Office_Penny,2.0,7.0,7.0,2.0,7.0,7.0,2.0,2.0,2.0,1.0,2.0,2.0,0.0,0.0,0.0,0.0,0.0,0.0,1.0,1.0,1.0,0.0,0.0,0.0,0.0,0.0,0.0
Office_Garrett,4.0,11.0,11.0,2.0,6.0,6.0,1.0,3.0,3.0,3.0,5.0,5.0,2.0,4.0,4.0,1.0,3.0,3.0,2.0,4.0,4.0,2.0,2.0,2.0,1.0,2.0,2.0
UnivLab_Terrie,5.0,24.0,24.0,2.0,13.0,13.0,2.0,5.0,5.0,2.0,2.0,2.0,2.0,2.0,2.0,0.0,0.0,0.0,1.0,1.0,1.0,1.0,1.0,1.0,0.0,0.0,0.0
UnivLab_Tracy,6.0,26.0,26.0,2.0,20.0,20.0,0.0,14.0,14.0,2.0,2.0,2.0,0.0,0.0,0.0,0.0,0.0,0.0,0.0,0.0,0.0,0.0,0.0,0.0,0.0,0.0,0.0
UnivClass_Phyllis,1.0,22.0,22.0,0.0,0.0,0.0,0.0,0.0,0.0,1.0,5.0,5.0,0.0,0.0,0.0,0.0,0.0,0.0,1.0,2.0,2.0,0.0,0.0,0.0,0.0,0.0,0.0
UnivDorm_Marquis,8.0,20.0,20.0,5.0,13.0,13.0,2.0,11.0,11.0,6.0,7.0,7.0,4.0,7.0,7.0,2.0,7.0,7.0,3.0,3.0,3.0,3.0,3.0,3.0,3.0,3.0,3.0
PrimClass_Jazmin,6.0,19.0,19.0,3.0,13.0,13.0,3.0,9.0,9.0,3.0,9.0,9.0,3.0,9.0,9.0,2.0,7.0,7.0,2.0,2.0,2.0,2.0,2.0,2.0,1.0,2.0,2.0
UnivClass_Seb,6.0,21.0,21.0,3.0,11.0,11.0,3.0,10.0,10.0,3.0,6.0,6.0,2.0,6.0,6.0,2.0,5.0,5.0,2.0,4.0,4.0,2.0,2.0,2.0,1.0,2.0,2.0
Office_Annika,3.0,8.0,8.0,2.0,5.0,5.0,2.0,3.0,3.0,3.0,3.0,3.0,2.0,3.0,3.0,2.0,3.0,3.0,3.0,3.0,3.0,2.0,3.0,3.0,1.0,2.0,2.0
Office_Shawnette,6.0,10.0,10.0,3.0,8.0,8.0,3.0,7.0,7.0,3.0,7.0,7.0,3.0,3.0,3.0,2.0,3.0,3.0,2.0,2.0,2.0,2.0,2.0,2.0,2.0,2.0,2.0
Office_Cody,4.0,24.0,24.0,2.0,17.0,17.0,2.0,10.0,10.0,4.0,7.0,7.0,2.0,5.0,5.0,2.0,4.0,4.0,3.0,5.0,5.0,2.0,4.0,4.0,1.0,2.0,2.0
PrimClass_Jaiden,6.0,16.0,16.0,3.0,13.0,13.0,3.0,13.0,13.0,4.0,8.0,8.0,3.0,8.0,8.0,2.0,7.0,7.0,2.0,2.0,2.0,2.0,2.0,2.0,2.0,2.0,2.0
Office_Charles,5.0,21.0,21.0,2.0,11.0,11.0,1.0,6.0,6.0,2.0,9.0,9.0,2.0,5.0,5.0,1.0,1.0,1.0,3.0,3.0,3.0,1.0,2.0,2.0,1.0,1.0,1.0
UnivDorm_Avery,5.0,13.0,13.0,5.0,11.0,11.0,3.0,5.0,5.0,3.0,5.0,5.0,3.0,4.0,4.0,3.0,3.0,3.0,3.0,3.0,3.0,2.0,3.0,3.0,2.0,3.0,3.0
UnivLab_Taylor,5.0,18.0,18.0,2.0,18.0,18.0,2.0,5.0,5.0,3.0,6.0,6.0,2.0,4.0,4.0,0.0,3.0,3.0,3.0,3.0,3.0,2.0,2.0,2.0,0.0,0.0,0.0
UnivClass_Carl,2.0,18.0,18.0,2.0,8.0,8.0,0.0,2.0,2.0,1.0,3.0,3.0,0.0,0.0,0.0,0.0,0.0,0.0,2.0,2.0,2.0,0.0,0.0,0.0,0.0,0.0,0.0
Office_Pam,4.0,29.0,29.0,2.0,19.0,19.0,1.0,6.0,6.0,3.0,8.0,8.0,2.0,8.0,8.0,1.0,3.0,3.0,4.0,4.0,4.0,1.0,4.0,4.0,0.0,0.0,0.0
UnivClass_Conor,3.0,15.0,15.0,2.0,6.0,6.0,2.0,4.0,4.0,3.0,5.0,5.0,2.0,4.0,4.0,2.0,3.0,3.0,3.0,3.0,3.0,2.0,3.0,3.0,2.0,3.0,3.0
UnivLab_Lilly,3.0,18.0,18.0,3.0,6.0,6.0,3.0,5.0,5.0,2.0,6.0,6.0,2.0,4.0,4.0,0.0,2.0,2.0,0.0,5.0,5.0,0.0,0.0,0.0,0.0,0.0,0.0
UnivDorm_Mauricio,4.0,17.0,17.0,4.0,14.0,14.0,3.0,8.0,8.0,5.0,8.0,8.0,2.0,7.0,7.0,2.0,4.0,4.0,4.0,4.0,4.0,2.0,4.0,4.0,1.0,3.0,3.0
UnivClass_Maddison,8.0,25.0,25.0,7.0,21.0,21.0,2.0,13.0,13.0,5.0,9.0,9.0,3.0,5.0,5.0,1.0,4.0,4.0,4.0,4.0,4.0,2.0,3.0,3.0,1.0,3.0,3.0
UnivClass_Annmarie,2.0,23.0,23.0,2.0,14.0,14.0,0.0,2.0,2.0,2.0,5.0,5.0,2.0,2.0,2.0,0.0,2.0,2.0,2.0,3.0,3.0,2.0,2.0,2.0,0.0,2.0,2.0
Office_Asher,6.0,29.0,29.0,2.0,20.0,20.0,1.0,12.0,12.0,5.0,8.0,8.0,3.0,6.0,6.0,1.0,2.0,2.0,3.0,4.0,4.0,2.0,3.0,3.0,1.0,2.0,2.0
UnivDorm_Petar,5.0,17.0,17.0,3.0,11.0,11.0,2.0,4.0,4.0,3.0,7.0,7.0,3.0,3.0,3.0,2.0,3.0,3.0,3.0,3.0,3.0,3.0,3.0,3.0,2.0,3.0,3.0
UnivClass_Stephen,6.0,13.0,13.0,5.0,11.0,11.0,3.0,7.0,7.0,3.0,6.0,6.0,3.0,4.0,4.0,1.0,3.0,3.0,2.0,3.0,3.0,2.0,3.0,3.0,1.0,2.0,2.0
UnivClass_Serenity,5.0,18.0,18.0,3.0,14.0,14.0,3.0,8.0,8.0,4.0,7.0,7.0,3.0,6.0,6.0,0.0,4.0,4.0,2.0,3.0,3.0,0.0,2.0,2.0,0.0,0.0,0.0
Office_Mada,8.0,22.0,22.0,5.0,10.0,10.0,2.0,7.0,7.0,3.0,3.0,3.0,3.0,3.0,3.0,2.0,3.0,3.0,2.0,2.0,2.0,0.0,0.0,0.0,0.0,0.0,0.0
Office_Lillian,5.0,18.0,18.0,3.0,12.0,12.0,3.0,9.0,9.0,2.0,2.0,2.0,2.0,2.0,2.0,2.0,2.0,2.0,1.0,1.0,1.0,0.0,0.0,0.0,0.0,0.0,0.0
Office_Al,2.0,18.0,18.0,0.0,17.0,17.0,0.0,0.0,0.0,0.0,0.0,0.0,0.0,0.0,0.0,0.0,0.0,0.0,0.0,0.0,0.0,0.0,0.0,0.0,0.0,0.0,0.0
UnivLab_Preston,3.0,25.0,25.0,1.0,15.0,15.0,0.0,10.0,10.0,3.0,9.0,9.0,1.0,8.0,8.0,0.0,0.0,0.0,3.0,4.0,4.0,0.0,4.0,4.0,0.0,0.0,0.0
Office_Clarissa,4.0,24.0,24.0,3.0,3.0,3.0,1.0,1.0,1.0,1.0,4.0,4.0,1.0,1.0,1.0,0.0,0.0,0.0,1.0,3.0,3.0,0.0,0.0,0.0,0.0,0.0,0.0
UnivClass_Nishka,5.0,24.0,24.0,5.0,18.0,18.0,4.0,7.0,7.0,3.0,4.0,4.0,3.0,3.0,3.0,2.0,3.0,3.0,1.0,3.0,3.0,0.0,0.0,0.0,0.0,0.0,0.0
Office_Andrea,7.0,23.0,23.0,5.0,16.0,16.0,2.0,8.0,8.0,5.0,8.0,8.0,4.0,6.0,6.0,2.0,5.0,5.0,3.0,4.0,4.0,3.0,4.0,4.0,2.0,2.0,2.0
UnivDorm_Mckenzie,8.0,19.0,19.0,6.0,15.0,15.0,2.0,11.0,11.0,7.0,8.0,8.0,5.0,8.0,8.0,3.0,8.0,8.0,3.0,4.0,4.0,3.0,3.0,3.0,3.0,3.0,3.0
UnivClass_Ayanna,5.0,6.0,6.0,2.0,6.0,6.0,1.0,4.0,4.0,3.0,3.0,3.0,2.0,3.0,3.0,1.0,3.0,3.0,3.0,3.0,3.0,2.0,3.0,3.0,1.0,3.0,3.0
UnivClass_Nickolas,6.0,28.0,28.0,3.0,24.0,24.0,3.0,7.0,7.0,3.0,8.0,8.0,3.0,5.0,5.0,0.0,3.0,3.0,2.0,3.0,3.0,0.0,3.0,3.0,0.0,0.0,0.0
UnivClass_Amya,3.0,12.0,12.0,2.0,2.0,2.0,2.0,2.0,2.0,3.0,4.0,4.0,2.0,2.0,2.0,2.0,2.0,2.0,2.0,2.0,2.0,2.0,2.0,2.0,2.0,2.0,2.0
UnivClass_Nathaniel,6.0,29.0,29.0,6.0,15.0,15.0,5.0,14.0,14.0,4.0,7.0,7.0,3.0,5.0,5.0,3.0,5.0,5.0,3.0,4.0,4.0,2.0,3.0,3.0,1.0,3.0,3.0
UnivDorm_Alka,3.0,7.0,7.0,2.0,2.0,2.0,2.0,2.0,2.0,3.0,4.0,4.0,2.0,2.0,2.0,2.0,2.0,2.0,2.0,3.0,3.0,2.0,3.0,3.0,2.0,2.0,2.0
Office_Pat,2.0,27.0,27.0,2.0,21.0,21.0,0.0,6.0,6.0,2.0,9.0,9.0,0.0,5.0,5.0,0.0,0.0,0.0,2.0,3.0,3.0,0.0,2.0,2.0,0.0,0.0,0.0
UnivClass_Charlie,2.0,24.0,24.0,2.0,12.0,12.0,2.0,9.0,9.0,3.0,8.0,8.0,1.0,3.0,3.0,0.0,0.0,0.0,3.0,3.0,3.0,1.0,3.0,3.0,0.0,0.0,0.0
UnivLab_Alexis,3.0,17.0,17.0,2.0,8.0,8.0,2.0,2.0,2.0,4.0,6.0,6.0,2.0,6.0,6.0,2.0,2.0,2.0,3.0,3.0,3.0,2.0,2.0,2.0,2.0,2.0,2.0
UnivClass_Alexandria,3.0,9.0,9.0,1.0,3.0,3.0,0.0,0.0,0.0,3.0,3.0,3.0,1.0,3.0,3.0,0.0,0.0,0.0,2.0,3.0,3.0,1.0,3.0,3.0,0.0,0.0,0.0
UnivClass_Annabella,6.0,20.0,20.0,2.0,14.0,14.0,1.0,8.0,8.0,4.0,8.0,8.0,2.0,7.0,7.0,1.0,6.0,6.0,4.0,4.0,4.0,1.0,4.0,4.0,1.0,2.0,2.0
UnivClass_Antoinette,1.0,22.0,22.0,1.0,2.0,2.0,1.0,2.0,2.0,1.0,3.0,3.0,1.0,2.0,2.0,1.0,2.0,2.0,2.0,2.0,2.0,1.0,2.0,2.0,1.0,2.0,2.0
UnivDorm_Cathal,5.0,11.0,11.0,2.0,11.0,11.0,0.0,7.0,7.0,4.0,8.0,8.0,1.0,4.0,4.0,0.0,4.0,4.0,3.0,3.0,3.0,0.0,3.0,3.0,0.0,0.0,0.0
Office_Marianne,3.0,19.0,19.0,3.0,11.0,11.0,0.0,3.0,3.0,2.0,2.0,2.0,1.0,1.0,1.0,0.0,0.0,0.0,2.0,2.0,2.0,1.0,1.0,1.0,0.0,0.0,0.0
UnivLab_Cedric,2.0,19.0,19.0,2.0,3.0,3.0,0.0,2.0,2.0,2.0,5.0,5.0,1.0,1.0,1.0,0.0,0.0,0.0,2.0,2.0,2.0,0.0,0.0,0.0,0.0,0.0,0.0
Office_Angelo,2.0,10.0,10.0,2.0,5.0,5.0,0.0,0.0,0.0,2.0,3.0,3.0,0.0,0.0,0.0,0.0,0.0,0.0,0.0,0.0,0.0,0.0,0.0,0.0,0.0,0.0,0.0
Office_Anastasia,3.0,5.0,5.0,2.0,2.0,2.0,2.0,2.0,2.0,3.0,3.0,3.0,2.0,2.0,2.0,2.0,2.0,2.0,3.0,3.0,3.0,2.0,2.0,2.0,2.0,2.0,2.0
Office_Marvin,4.0,23.0,23.0,2.0,13.0,13.0,0.0,5.0,5.0,2.0,7.0,7.0,2.0,7.0,7.0,0.0,2.0,2.0,3.0,3.0,3.0,1.0,3.0,3.0,0.0,0.0,0.0
Office_Glenda,5.0,20.0,20.0,3.0,11.0,11.0,3.0,6.0,6.0,3.0,6.0,6.0,3.0,4.0,4.0,2.0,4.0,4.0,3.0,4.0,4.0,2.0,3.0,3.0,1.0,3.0,3.0
UnivClass_Sylvia,5.0,18.0,18.0,3.0,15.0,15.0,2.0,6.0,6.0,3.0,8.0,8.0,2.0,7.0,7.0,0.0,3.0,3.0,2.0,3.0,3.0,0.0,3.0,3.0,0.0,0.0,0.0
UnivLab_Susan,6.0,23.0,23.0,3.0,13.0,13.0,0.0,13.0,13.0,2.0,3.0,3.0,2.0,2.0,2.0,0.0,2.0,2.0,1.0,1.0,1.0,0.0,0.0,0.0,0.0,0.0,0.0
UnivClass_Peter,2.0,22.0,22.0,1.0,1.0,1.0,1.0,1.0,1.0,2.0,9.0,9.0,1.0,1.0,1.0,1.0,1.0,1.0,1.0,2.0,2.0,1.0,1.0,1.0,1.0,1.0,1.0
UnivClass_Aoibhe,6.0,27.0,27.0,2.0,22.0,22.0,2.0,16.0,16.0,6.0,8.0,8.0,3.0,7.0,7.0,0.0,7.0,7.0,4.0,4.0,4.0,3.0,3.0,3.0,0.0,3.0,3.0
UnivClass_Ciara,2.0,20.0,20.0,2.0,8.0,8.0,0.0,0.0,0.0,2.0,5.0,5.0,2.0,2.0,2.0,0.0,0.0,0.0,2.0,2.0,2.0,2.0,2.0,2.0,0.0,0.0,0.0
Office_Brian,5.0,22.0,22.0,2.0,15.0,15.0,1.0,5.0,5.0,2.0,4.0,4.0,2.0,2.0,2.0,1.0,2.0,2.0,2.0,3.0,3.0,2.0,2.0,2.0,0.0,2.0,2.0
UnivLab_Beth,1.0,21.0,21.0,0.0,0.0,0.0,0.0,0.0,0.0,1.0,5.0,5.0,0.0,0.0,0.0,0.0,0.0,0.0,0.0,3.0,3.0,0.0,0.0,0.0,0.0,0.0,0.0
UnivClass_Anya,5.0,26.0,26.0,3.0,12.0,12.0,3.0,4.0,4.0,4.0,5.0,5.0,3.0,3.0,3.0,3.0,3.0,3.0,3.0,3.0,3.0,3.0,3.0,3.0,3.0,3.0,3.0
Office_Maya,2.0,18.0,18.0,2.0,16.0,16.0,1.0,9.0,9.0,2.0,5.0,5.0,2.0,4.0,4.0,1.0,2.0,2.0,1.0,3.0,3.0,1.0,1.0,1.0,1.0,1.0,1.0
Office_Gisselle,5.0,26.0,26.0,3.0,21.0,21.0,3.0,15.0,15.0,3.0,9.0,9.0,3.0,7.0,7.0,1.0,6.0,6.0,3.0,5.0,5.0,1.0,4.0,4.0,1.0,1.0,1.0
Office_Phebian,4.0,23.0,23.0,2.0,15.0,15.0,0.0,2.0,2.0,3.0,3.0,3.0,2.0,3.0,3.0,0.0,2.0,2.0,3.0,3.0,3.0,2.0,3.0,3.0,0.0,2.0,2.0
Office_Matthew,3.0,24.0,24.0,2.0,16.0,16.0,0.0,3.0,3.0,3.0,7.0,7.0,0.0,4.0,4.0,0.0,0.0,0.0,2.0,3.0,3.0,0.0,2.0,2.0,0.0,0.0,0.0
UnivClass_Bob,3.0,25.0,25.0,0.0,16.0,16.0,0.0,0.0,0.0,0.0,7.0,7.0,0.0,0.0,0.0,0.0,0.0,0.0,0.0,2.0,2.0,0.0,0.0,0.0,0.0,0.0,0.0
Office_Amelia,4.0,18.0,18.0,2.0,9.0,9.0,2.0,2.0,2.0,4.0,4.0,4.0,2.0,2.0,2.0,2.0,2.0,2.0,2.0,3.0,3.0,2.0,2.0,2.0,2.0,2.0,2.0
Office_Jan,3.0,13.0,13.0,3.0,9.0,9.0,2.0,6.0,6.0,1.0,1.0,1.0,0.0,0.0,0.0,0.0,0.0,0.0,1.0,1.0,1.0,0.0,0.0,0.0,0.0,0.0,0.0
UnivClass_Alicia,2.0,2.0,2.0,2.0,2.0,2.0,2.0,2.0,2.0,2.0,2.0,2.0,2.0,2.0,2.0,2.0,2.0,2.0,2.0,2.0,2.0,2.0,2.0,2.0,2.0,2.0,2.0
Office_Madeleine,2.0,19.0,19.0,2.0,14.0,14.0,2.0,2.0,2.0,2.0,5.0,5.0,2.0,5.0,5.0,2.0,2.0,2.0,2.0,3.0,3.0,2.0,3.0,3.0,2.0,2.0,2.0
Office_Angelina,4.0,15.0,15.0,2.0,4.0,4.0,1.0,3.0,3.0,3.0,3.0,3.0,2.0,3.0,3.0,1.0,3.0,3.0,3.0,3.0,3.0,2.0,3.0,3.0,1.0,2.0,2.0
Office_Jackson,3.0,14.0,14.0,0.0,3.0,3.0,0.0,0.0,0.0,0.0,4.0,4.0,0.0,0.0,0.0,0.0,0.0,0.0,0.0,0.0,0.0,0.0,0.0,0.0,0.0,0.0,0.0
Office_Melinda,4.0,16.0,16.0,2.0,8.0,8.0,2.0,7.0,7.0,3.0,3.0,3.0,2.0,3.0,3.0,2.0,3.0,3.0,3.0,3.0,3.0,2.0,3.0,3.0,1.0,3.0,3.0
Office_Catherine,3.0,22.0,22.0,1.0,17.0,17.0,0.0,0.0,0.0,2.0,8.0,8.0,1.0,6.0,6.0,0.0,0.0,0.0,2.0,2.0,2.0,1.0,2.0,2.0,0.0,0.0,0.0
UnivDorm_Carter,7.0,12.0,12.0,5.0,11.0,11.0,4.0,7.0,7.0,4.0,5.0,5.0,2.0,5.0,5.0,2.0,3.0,3.0,2.0,4.0,4.0,2.0,3.0,3.0,2.0,2.0,2.0
Office_Gloria,5.0,25.0,25.0,4.0,22.0,22.0,3.0,8.0,8.0,3.0,5.0,5.0,3.0,5.0,5.0,2.0,3.0,3.0,2.0,4.0,4.0,2.0,4.0,4.0,1.0,2.0,2.0
UnivClass_Alexus,2.0,23.0,23.0,1.0,13.0,13.0,0.0,2.0,2.0,3.0,7.0,7.0,1.0,5.0,5.0,0.0,0.0,0.0,1.0,3.0,3.0,1.0,3.0,3.0,0.0,0.0,0.0
UnivDorm_Leann,4.0,6.0,6.0,4.0,6.0,6.0,3.0,5.0,5.0,3.0,5.0,5.0,3.0,3.0,3.0,2.0,3.0,3.0,2.0,2.0,2.0,2.0,2.0,2.0,2.0,2.0,2.0
UnivClass_Anne,4.0,6.0,6.0,2.0,4.0,4.0,0.0,3.0,3.0,3.0,4.0,4.0,2.0,4.0,4.0,0.0,3.0,3.0,2.0,3.0,3.0,1.0,1.0,1.0,0.0,0.0,0.0
UnivDorm_Cornelius,7.0,9.0,9.0,5.0,9.0,9.0,2.0,9.0,9.0,3.0,5.0,5.0,2.0,4.0,4.0,2.0,2.0,2.0,2.0,2.0,2.0,2.0,2.0,2.0,2.0,2.0,2.0
Office_Sinead,6.0,13.0,13.0,3.0,11.0,11.0,3.0,7.0,7.0,5.0,6.0,6.0,2.0,6.0,6.0,2.0,5.0,5.0,3.0,4.0,4.0,1.0,4.0,4.0,1.0,1.0,1.0
Office_Megan,3.0,24.0,24.0,0.0,11.0,11.0,0.0,0.0,0.0,3.0,7.0,7.0,0.0,3.0,3.0,0.0,0.0,0.0,3.0,3.0,3.0,0.0,3.0,3.0,0.0,0.0,0.0
UnivClass_Alfredo,4.0,8.0,8.0,3.0,4.0,4.0,1.0,4.0,4.0,3.0,4.0,4.0,2.0,3.0,3.0,2.0,3.0,3.0,3.0,4.0,4.0,2.0,3.0,3.0,2.0,3.0,3.0
UnivClass_Conner,5.0,24.0,24.0,4.0,16.0,16.0,0.0,7.0,7.0,4.0,5.0,5.0,3.0,5.0,5.0,2.0,4.0,4.0,3.0,4.0,4.0,2.0,4.0,4.0,0.0,2.0,2.0
UnivClass_Nelly,5.0,22.0,22.0,2.0,10.0,10.0,2.0,8.0,8.0,3.0,8.0,8.0,2.0,5.0,5.0,1.0,5.0,5.0,2.0,2.0,2.0,1.0,2.0,2.0,1.0,1.0,1.0
UnivDorm_Alex,6.0,13.0,13.0,4.0,11.0,11.0,0.0,7.0,7.0,5.0,7.0,7.0,4.0,7.0,7.0,0.0,5.0,5.0,3.0,3.0,3.0,2.0,2.0,2.0,0.0,2.0,2.0
Office_Shari,6.0,15.0,15.0,3.0,10.0,10.0,3.0,7.0,7.0,5.0,6.0,6.0,2.0,6.0,6.0,2.0,5.0,5.0,3.0,4.0,4.0,1.0,4.0,4.0,1.0,1.0,1.0
Office_Madisyn,5.0,14.0,14.0,2.0,11.0,11.0,2.0,5.0,5.0,2.0,5.0,5.0,2.0,4.0,4.0,2.0,2.0,2.0,2.0,3.0,3.0,2.0,3.0,3.0,1.0,2.0,2.0
Office_Natasha,5.0,21.0,21.0,5.0,7.0,7.0,0.0,7.0,7.0,3.0,6.0,6.0,3.0,3.0,3.0,2.0,3.0,3.0,1.0,1.0,1.0,0.0,0.0,0.0,0.0,0.0,0.0
UnivClass_Calvin,3.0,19.0,19.0,2.0,12.0,12.0,0.0,0.0,0.0,1.0,7.0,7.0,2.0,2.0,2.0,0.0,0.0,0.0,2.0,2.0,2.0,2.0,2.0,2.0,0.0,0.0,0.0
Office_Jude,3.0,12.0,12.0,3.0,9.0,9.0,0.0,3.0,3.0,0.0,2.0,2.0,0.0,0.0,0.0,0.0,0.0,0.0,0.0,0.0,0.0,0.0,0.0,0.0,0.0,0.0,0.0
UnivLab_Aniya,6.0,8.0,8.0,2.0,8.0,8.0,2.0,5.0,5.0,4.0,4.0,4.0,2.0,4.0,4.0,2.0,3.0,3.0,3.0,4.0,4.0,2.0,3.0,3.0,2.0,2.0,2.0
UnivDorm_Alphonso,8.0,18.0,18.0,4.0,15.0,15.0,2.0,8.0,8.0,7.0,8.0,8.0,4.0,8.0,8.0,3.0,6.0,6.0,4.0,4.0,4.0,4.0,4.0,4.0,3.0,3.0,3.0
Office_Angelica,5.0,27.0,27.0,2.0,22.0,22.0,0.0,15.0,15.0,2.0,8.0,8.0,0.0,8.0,8.0,0.0,0.0,0.0,2.0,3.0,3.0,0.0,0.0,0.0,0.0,0.0,0.0
Office_Morgan,5.0,24.0,24.0,2.0,12.0,12.0,0.0,4.0,4.0,4.0,8.0,8.0,2.0,8.0,8.0,0.0,2.0,2.0,2.0,2.0,2.0,2.0,2.0,2.0,0.0,2.0,2.0
UnivLab_Adrian,3.0,3.0,3.0,2.0,3.0,3.0,2.0,3.0,3.0,2.0,3.0,3.0,2.0,3.0,3.0,2.0,2.0,2.0,2.0,2.0,2.0,2.0,2.0,2.0,2.0,2.0,2.0
UnivLab_Christy,3.0,16.0,16.0,2.0,2.0,2.0,2.0,2.0,2.0,2.0,5.0,5.0,2.0,2.0,2.0,2.0,2.0,2.0,2.0,2.0,2.0,2.0,2.0,2.0,2.0,2.0,2.0
Office_Marion,4.0,21.0,21.0,2.0,10.0,10.0,2.0,6.0,6.0,2.0,2.0,2.0,2.0,2.0,2.0,2.0,2.0,2.0,2.0,2.0,2.0,2.0,2.0,2.0,2.0,2.0,2.0
UnivLab_Christine,4.0,26.0,26.0,2.0,17.0,17.0,1.0,7.0,7.0,3.0,4.0,4.0,1.0,1.0,1.0,1.0,1.0,1.0,1.0,2.0,2.0,1.0,1.0,1.0,1.0,1.0,1.0
UnivDorm_Cara,7.0,11.0,11.0,2.0,9.0,9.0,2.0,7.0,7.0,4.0,7.0,7.0,2.0,7.0,7.0,0.0,3.0,3.0,2.0,3.0,3.0,2.0,3.0,3.0,0.0,0.0,0.0
UnivClass_Adrienne,6.0,12.0,12.0,4.0,10.0,10.0,2.0,9.0,9.0,4.0,8.0,8.0,3.0,7.0,7.0,2.0,3.0,3.0,2.0,3.0,3.0,2.0,3.0,3.0,2.0,2.0,2.0
UnivClass_Nicholas,5.0,17.0,17.0,3.0,7.0,7.0,0.0,5.0,5.0,3.0,7.0,7.0,3.0,6.0,6.0,0.0,3.0,3.0,3.0,3.0,3.0,1.0,3.0,3.0,0.0,0.0,0.0
UnivClass_Nayeli,6.0,17.0,17.0,3.0,12.0,12.0,0.0,7.0,7.0,4.0,6.0,6.0,1.0,4.0,4.0,1.0,4.0,4.0,3.0,3.0,3.0,1.0,3.0,3.0,1.0,2.0,2.0
UnivClass_Carolyn,7.0,22.0,22.0,2.0,23.0,23.0,2.0,10.0,10.0,6.0,8.0,8.0,3.0,8.0,8.0,2.0,6.0,6.0,3.0,4.0,4.0,3.0,4.0,4.0,0.0,3.0,3.0
Office_Joni,3.0,17.0,17.0,2.0,10.0,10.0,0.0,3.0,3.0,0.0,0.0,0.0,0.0,0.0,0.0,0.0,0.0,0.0,0.0,0.0,0.0,0.0,0.0,0.0,0.0,0.0,0.0
UnivLab_Madelyn,2.0,17.0,17.0,0.0,0.0,0.0,0.0,0.0,0.0,2.0,6.0,6.0,0.0,0.0,0.0,0.0,0.0,0.0,0.0,2.0,2.0,0.0,0.0,0.0,0.0,0.0,0.0
UnivLab_Arianna,3.0,10.0,10.0,1.0,1.0,1.0,1.0,1.0,1.0,3.0,5.0,5.0,1.0,1.0,1.0,1.0,1.0,1.0,1.0,3.0,3.0,1.0,1.0,1.0,1.0,1.0,1.0
UnivLab_Ciel,3.0,5.0,5.0,2.0,4.0,4.0,2.0,3.0,3.0,2.0,3.0,3.0,2.0,3.0,3.0,2.0,2.0,2.0,1.0,2.0,2.0,1.0,1.0,1.0,1.0,1.0,1.0
Office_Paige,2.0,22.0,22.0,1.0,1.0,1.0,1.0,1.0,1.0,2.0,9.0,9.0,1.0,1.0,1.0,1.0,1.0,1.0,1.0,2.0,2.0,1.0,1.0,1.0,1.0,1.0,1.0
Office_Martin,2.0,18.0,18.0,2.0,4.0,4.0,0.0,2.0,2.0,2.0,6.0,6.0,2.0,4.0,4.0,0.0,2.0,2.0,1.0,1.0,1.0,0.0,0.0,0.0,0.0,0.0,0.0
UnivClass_Clay,3.0,21.0,21.0,2.0,16.0,16.0,0.0,4.0,4.0,3.0,4.0,4.0,2.0,4.0,4.0,0.0,3.0,3.0,2.0,3.0,3.0,2.0,3.0,3.0,0.0,2.0,2.0
PrimClass_Angel,2.0,12.0,12.0,2.0,2.0,2.0,2.0,2.0,2.0,2.0,5.0,5.0,2.0,2.0,2.0,2.0,2.0,2.0,2.0,2.0,2.0,2.0,2.0,2.0,2.0,2.0,2.0
Office_Muhammad,8.0,29.0,29.0,3.0,20.0,20.0,4.0,16.0,16.0,1.0,6.0,6.0,0.0,3.0,3.0,0.0,0.0,0.0,1.0,2.0,2.0,0.0,0.0,0.0,0.0,0.0,0.0
UnivLab_Ali,2.0,11.0,11.0,1.0,2.0,2.0,1.0,1.0,1.0,2.0,6.0,6.0,1.0,1.0,1.0,1.0,1.0,1.0,1.0,2.0,2.0,1.0,1.0,1.0,1.0,1.0,1.0
Office_Gladys,5.0,28.0,28.0,3.0,26.0,26.0,3.0,6.0,6.0,4.0,6.0,6.0,4.0,4.0,4.0,0.0,4.0,4.0,3.0,3.0,3.0,3.0,3.0,3.0,0.0,3.0,3.0
Office_Stella,4.0,9.0,9.0,4.0,5.0,5.0,2.0,4.0,4.0,3.0,5.0,5.0,2.0,2.0,2.0,2.0,2.0,2.0,2.0,2.0,2.0,2.0,2.0,2.0,2.0,2.0,2.0
UnivLab_Brad,5.0,28.0,28.0,1.0,14.0,14.0,1.0,5.0,5.0,2.0,6.0,6.0,1.0,3.0,3.0,0.0,0.0,0.0,1.0,4.0,4.0,0.0,0.0,0.0,0.0,0.0,0.0
Office_Louise,4.0,12.0,12.0,3.0,8.0,8.0,1.0,4.0,4.0,2.0,4.0,4.0,1.0,3.0,3.0,1.0,1.0,1.0,1.0,1.0,1.0,1.0,1.0,1.0,1.0,1.0,1.0
UnivClass_Noreen,6.0,22.0,22.0,5.0,18.0,18.0,2.0,13.0,13.0,3.0,7.0,7.0,3.0,5.0,5.0,2.0,4.0,4.0,3.0,3.0,3.0,1.0,3.0,3.0,1.0,1.0,1.0
UnivLab_Mack,3.0,18.0,18.0,2.0,7.0,7.0,2.0,7.0,7.0,3.0,5.0,5.0,2.0,3.0,3.0,2.0,3.0,3.0,3.0,3.0,3.0,2.0,3.0,3.0,2.0,3.0,3.0
UnivLab_Mariana,3.0,29.0,29.0,0.0,25.0,25.0,0.0,0.0,0.0,2.0,8.0,8.0,0.0,2.0,2.0,0.0,0.0,0.0,2.0,2.0,2.0,0.0,0.0,0.0,0.0,0.0,0.0
Office_Guillermo,3.0,15.0,15.0,0.0,9.0,9.0,0.0,9.0,9.0,2.0,5.0,5.0,0.0,5.0,5.0,0.0,0.0,0.0,2.0,3.0,3.0,0.0,0.0,0.0,0.0,0.0,0.0
Office_Paulina,2.0,24.0,24.0,2.0,12.0,12.0,0.0,2.0,2.0,2.0,7.0,7.0,2.0,4.0,4.0,0.0,2.0,2.0,1.0,3.0,3.0,1.0,1.0,1.0,0.0,0.0,0.0
UnivLab_Cayden,5.0,12.0,12.0,3.0,5.0,5.0,1.0,3.0,3.0,3.0,4.0,4.0,2.0,3.0,3.0,1.0,2.0,2.0,2.0,3.0,3.0,2.0,2.0,2.0,1.0,2.0,2.0
Office_Gabriela,3.0,19.0,19.0,3.0,6.0,6.0,1.0,4.0,4.0,3.0,4.0,4.0,2.0,4.0,4.0,1.0,1.0,1.0,2.0,2.0,2.0,1.0,2.0,2.0,1.0,1.0,1.0
UnivDorm_Pedro,4.0,17.0,17.0,2.0,13.0,13.0,2.0,5.0,5.0,4.0,7.0,7.0,2.0,5.0,5.0,2.0,2.0,2.0,2.0,3.0,3.0,2.0,2.0,2.0,2.0,2.0,2.0
UnivLab_Albert,2.0,2.0,2.0,1.0,1.0,1.0,1.0,1.0,1.0,2.0,2.0,2.0,1.0,1.0,1.0,1.0,1.0,1.0,2.0,2.0,2.0,1.0,1.0,1.0,1.0,1.0,1.0
UnivLab_Alaina,4.0,15.0,15.0,4.0,12.0,12.0,0.0,8.0,8.0,5.0,8.0,8.0,3.0,8.0,8.0,0.0,5.0,5.0,2.0,4.0,4.0,2.0,2.0,2.0,0.0,2.0,2.0
UnivLab_Ana,3.0,13.0,13.0,3.0,4.0,4.0,2.0,2.0,2.0,3.0,4.0,4.0,2.0,2.0,2.0,2.0,2.0,2.0,2.0,2.0,2.0,2.0,2.0,2.0,2.0,2.0,2.0
UnivDorm_Constance,5.0,10.0,10.0,4.0,9.0,9.0,3.0,9.0,9.0,4.0,7.0,7.0,3.0,5.0,5.0,2.0,4.0,4.0,2.0,2.0,2.0,2.0,2.0,2.0,2.0,2.0,2.0
Office_Carolina,2.0,14.0,14.0,2.0,2.0,2.0,1.0,2.0,2.0,2.0,2.0,2.0,2.0,2.0,2.0,1.0,2.0,2.0,2.0,2.0,2.0,2.0,2.0,2.0,1.0,2.0,2.0
UnivDorm_Cathalina,7.0,11.0,11.0,4.0,9.0,9.0,3.0,8.0,8.0,3.0,6.0,6.0,3.0,6.0,6.0,2.0,4.0,4.0,3.0,3.0,3.0,2.0,3.0,3.0,2.0,3.0,3.0
Office_Noel,5.0,26.0,26.0,5.0,14.0,14.0,3.0,7.0,7.0,3.0,4.0,4.0,2.0,4.0,4.0,0.0,3.0,3.0,1.0,3.0,3.0,0.0,0.0,0.0,0.0,0.0,0.0
UnivClass_Anika,7.0,25.0,25.0,2.0,23.0,23.0,2.0,13.0,13.0,6.0,9.0,9.0,4.0,6.0,6.0,3.0,6.0,6.0,3.0,3.0,3.0,3.0,3.0,3.0,0.0,3.0,3.0
UnivLab_Clodagh,3.0,21.0,21.0,2.0,2.0,2.0,2.0,2.0,2.0,3.0,5.0,5.0,2.0,2.0,2.0,2.0,2.0,2.0,2.0,2.0,2.0,2.0,2.0,2.0,2.0,2.0,2.0
UnivLab_Annette,4.0,25.0,25.0,1.0,19.0,19.0,0.0,3.0,3.0,2.0,6.0,6.0,1.0,2.0,2.0,0.0,2.0,2.0,2.0,3.0,3.0,1.0,2.0,2.0,0.0,2.0,2.0
Office_Alannah,2.0,14.0,14.0,2.0,5.0,5.0,2.0,2.0,2.0,2.0,5.0,5.0,2.0,2.0,2.0,2.0,2.0,2.0,2.0,2.0,2.0,2.0,2.0,2.0,2.0,2.0,2.0
Office_Aliyah,2.0,29.0,29.0,2.0,15.0,15.0,0.0,5.0,5.0,2.0,7.0,7.0,1.0,5.0,5.0,0.0,4.0,4.0,3.0,3.0,3.0,1.0,3.0,3.0,0.0,0.0,0.0
Office_Curt,5.0,17.0,17.0,4.0,9.0,9.0,1.0,4.0,4.0,3.0,7.0,7.0,2.0,4.0,4.0,1.0,2.0,2.0,2.0,3.0,3.0,2.0,2.0,2.0,1.0,2.0,2.0
UnivDorm_Carey,3.0,10.0,10.0,3.0,8.0,8.0,3.0,5.0,5.0,3.0,4.0,4.0,3.0,4.0,4.0,3.0,3.0,3.0,3.0,4.0,4.0,2.0,4.0,4.0,2.0,2.0,2.0
UnivLab_Angie,4.0,8.0,8.0,2.0,2.0,2.0,2.0,2.0,2.0,4.0,4.0,4.0,2.0,4.0,4.0,2.0,2.0,2.0,2.0,4.0,4.0,2.0,2.0,2.0,2.0,2.0,2.0
UnivClass_Celia,2.0,11.0,11.0,1.0,3.0,3.0,1.0,1.0,1.0,2.0,7.0,7.0,1.0,1.0,1.0,1.0,1.0,1.0,1.0,2.0,2.0,1.0,1.0,1.0,1.0,1.0,1.0
Office_Glenn,3.0,20.0,20.0,1.0,4.0,4.0,1.0,4.0,4.0,3.0,4.0,4.0,1.0,3.0,3.0,1.0,1.0,1.0,1.0,2.0,2.0,1.0,2.0,2.0,1.0,1.0,1.0
UnivLab_Andre,2.0,15.0,15.0,2.0,2.0,2.0,2.0,2.0,2.0,2.0,2.0,2.0,2.0,2.0,2.0,2.0,2.0,2.0,2.0,2.0,2.0,2.0,2.0,2.0,2.0,2.0,2.0
Office_Terrell,8.0,17.0,17.0,4.0,14.0,14.0,4.0,10.0,10.0,3.0,3.0,3.0,2.0,3.0,3.0,1.0,3.0,3.0,0.0,3.0,3.0,0.0,0.0,0.0,0.0,0.0,0.0
UnivDorm_Laura,4.0,9.0,9.0,4.0,8.0,8.0,2.0,4.0,4.0,2.0,5.0,5.0,2.0,2.0,2.0,2.0,2.0,2.0,2.0,2.0,2.0,2.0,2.0,2.0,2.0,2.0,2.0
UnivLab_Mario,5.0,19.0,19.0,2.0,8.0,8.0,2.0,6.0,6.0,2.0,4.0,4.0,2.0,3.0,3.0,2.0,2.0,2.0,3.0,4.0,4.0,2.0,3.0,3.0,1.0,3.0,3.0
UnivClass_Aidan,6.0,23.0,23.0,3.0,19.0,19.0,1.0,18.0,18.0,4.0,7.0,7.0,3.0,6.0,6.0,1.0,6.0,6.0,3.0,4.0,4.0,3.0,3.0,3.0,1.0,3.0,3.0
UnivLab_Annabelle,3.0,10.0,10.0,2.0,3.0,3.0,2.0,3.0,3.0,3.0,4.0,4.0,2.0,2.0,2.0,2.0,2.0,2.0,3.0,3.0,3.0,2.0,2.0,2.0,2.0,2.0,2.0
Office_Leland,4.0,14.0,14.0,2.0,5.0,5.0,2.0,4.0,4.0,4.0,4.0,4.0,2.0,4.0,4.0,2.0,3.0,3.0,3.0,4.0,4.0,2.0,4.0,4.0,2.0,2.0,2.0
UnivClass_Brett,2.0,29.0,29.0,2.0,12.0,12.0,0.0,2.0,2.0,2.0,8.0,8.0,2.0,4.0,4.0,0.0,0.0,0.0,2.0,5.0,5.0,0.0,2.0,2.0,0.0,0.0,0.0
UnivLab_Caesar,2.0,25.0,25.0,0.0,16.0,16.0,0.0,0.0,0.0,3.0,7.0,7.0,0.0,4.0,4.0,0.0,0.0,0.0,2.0,2.0,2.0,0.0,2.0,2.0,0.0,0.0,0.0
Office_Mikayla,2.0,18.0,18.0,3.0,12.0,12.0,0.0,3.0,3.0,5.0,6.0,6.0,3.0,5.0,5.0,0.0,0.0,0.0,4.0,4.0,4.0,3.0,3.0,3.0,0.0,0.0,0.0
UnivClass_Stephanie,6.0,15.0,15.0,3.0,10.0,10.0,2.0,6.0,6.0,3.0,7.0,7.0,2.0,6.0,6.0,1.0,3.0,3.0,1.0,4.0,4.0,1.0,4.0,4.0,0.0,0.0,0.0
UnivLab_Marshall,4.0,28.0,28.0,3.0,21.0,21.0,0.0,15.0,15.0,3.0,8.0,8.0,3.0,5.0,5.0,0.0,0.0,0.0,1.0,3.0,3.0,1.0,1.0,1.0,0.0,0.0,0.0
Office_Ayden,2.0,6.0,6.0,2.0,2.0,2.0,2.0,2.0,2.0,2.0,2.0,2.0,2.0,2.0,2.0,2.0,2.0,2.0,2.0,2.0,2.0,2.0,2.0,2.0,2.0,2.0,2.0
UnivClass_Cathleen,2.0,15.0,15.0,1.0,10.0,10.0,0.0,0.0,0.0,3.0,6.0,6.0,0.0,0.0,0.0,0.0,0.0,0.0,1.0,5.0,5.0,0.0,0.0,0.0,0.0,0.0,0.0
UnivLab_Collin,5.0,14.0,14.0,3.0,10.0,10.0,3.0,6.0,6.0,5.0,6.0,6.0,3.0,6.0,6.0,3.0,4.0,4.0,3.0,4.0,4.0,3.0,4.0,4.0,1.0,4.0,4.0
UnivDorm_Camila,2.0,25.0,25.0,2.0,11.0,11.0,0.0,7.0,7.0,4.0,6.0,6.0,2.0,4.0,4.0,0.0,4.0,4.0,3.0,4.0,4.0,1.0,4.0,4.0,0.0,0.0,0.0
UnivClass_Alejandra,3.0,15.0,15.0,2.0,5.0,5.0,0.0,3.0,3.0,3.0,6.0,6.0,2.0,4.0,4.0,0.0,3.0,3.0,2.0,2.0,2.0,2.0,2.0,2.0,0.0,2.0,2.0
Office_Colby,2.0,27.0,27.0,2.0,17.0,17.0,0.0,5.0,5.0,2.0,5.0,5.0,2.0,4.0,4.0,0.0,2.0,2.0,1.0,3.0,3.0,1.0,1.0,1.0,0.0,0.0,0.0
Office_Carissa,2.0,25.0,25.0,2.0,12.0,12.0,0.0,2.0,2.0,1.0,5.0,5.0,1.0,2.0,2.0,0.0,2.0,2.0,1.0,2.0,2.0,1.0,1.0,1.0,0.0,0.0,0.0
UnivLab_Peggy,4.0,13.0,13.0,2.0,4.0,4.0,0.0,4.0,4.0,2.0,2.0,2.0,0.0,2.0,2.0,0.0,0.0,0.0,1.0,3.0,3.0,0.0,0.0,0.0,0.0,0.0,0.0
Office_Paula,2.0,5.0,5.0,2.0,2.0,2.0,2.0,2.0,2.0,2.0,2.0,2.0,2.0,2.0,2.0,2.0,2.0,2.0,2.0,2.0,2.0,2.0,2.0,2.0,2.0,2.0,2.0
UnivLab_Marie,6.0,22.0,22.0,4.0,9.0,9.0,2.0,5.0,5.0,4.0,6.0,6.0,2.0,5.0,5.0,2.0,2.0,2.0,3.0,3.0,3.0,0.0,2.0,2.0,0.0,0.0,0.0
UnivLab_Suzette,3.0,14.0,14.0,3.0,14.0,14.0,2.0,6.0,6.0,2.0,9.0,9.0,0.0,7.0,7.0,0.0,0.0,0.0,2.0,2.0,2.0,0.0,2.0,2.0,0.0,0.0,0.0
UnivLab_Alberto,2.0,13.0,13.0,2.0,8.0,8.0,0.0,4.0,4.0,3.0,8.0,8.0,2.0,7.0,7.0,0.0,2.0,2.0,3.0,3.0,3.0,2.0,3.0,3.0,0.0,2.0,2.0
UnivLab_Aurora,4.0,17.0,17.0,2.0,7.0,7.0,1.0,5.0,5.0,3.0,4.0,4.0,2.0,3.0,3.0,1.0,3.0,3.0,2.0,3.0,3.0,1.0,2.0,2.0,0.0,2.0,2.0
UnivLab_Lyle,6.0,16.0,16.0,3.0,13.0,13.0,3.0,8.0,8.0,3.0,5.0,5.0,3.0,4.0,4.0,2.0,3.0,3.0,3.0,4.0,4.0,2.0,4.0,4.0,2.0,2.0,2.0
UnivLab_Lauren,7.0,18.0,18.0,3.0,13.0,13.0,0.0,12.0,12.0,5.0,6.0,6.0,4.0,5.0,5.0,0.0,5.0,5.0,4.0,4.0,4.0,3.0,4.0,4.0,3.0,3.0,3.0
UnivLab_Ariel,2.0,13.0,13.0,2.0,4.0,4.0,0.0,2.0,2.0,2.0,6.0,6.0,1.0,3.0,3.0,1.0,1.0,1.0,2.0,2.0,2.0,1.0,2.0,2.0,1.0,1.0,1.0
Office_Ashanti,2.0,4.0,4.0,2.0,2.0,2.0,2.0,2.0,2.0,2.0,4.0,4.0,2.0,3.0,3.0,2.0,2.0,2.0,2.0,4.0,4.0,2.0,2.0,2.0,2.0,2.0,2.0
UnivClass_Caoimhe,2.0,27.0,27.0,1.0,13.0,13.0,1.0,3.0,3.0,3.0,5.0,5.0,1.0,3.0,3.0,1.0,3.0,3.0,2.0,2.0,2.0,1.0,2.0,2.0,1.0,2.0,2.0
UnivLab_Cam,2.0,26.0,26.0,2.0,17.0,17.0,2.0,4.0,4.0,2.0,4.0,4.0,1.0,2.0,2.0,1.0,2.0,2.0,2.0,2.0,2.0,1.0,2.0,2.0,1.0,2.0,2.0
Office_Garman,6.0,27.0,27.0,3.0,13.0,13.0,2.0,10.0,10.0,2.0,4.0,4.0,2.0,2.0,2.0,0.0,2.0,2.0,0.0,3.0,3.0,0.0,0.0,0.0,0.0,0.0,0.0
UnivLab_Phil,5.0,30.0,30.0,1.0,28.0,28.0,1.0,24.0,24.0,1.0,8.0,8.0,1.0,4.0,4.0,1.0,1.0,1.0,1.0,2.0,2.0,1.0,1.0,1.0,1.0,1.0,1.0
Office_Cora,4.0,22.0,22.0,3.0,4.0,4.0,2.0,4.0,4.0,3.0,3.0,3.0,3.0,3.0,3.0,2.0,2.0,2.0,2.0,2.0,2.0,2.0,2.0,2.0,2.0,2.0,2.0
UnivLab_Ashlee,2.0,22.0,22.0,2.0,11.0,11.0,0.0,2.0,2.0,2.0,6.0,6.0,2.0,5.0,5.0,0.0,2.0,2.0,2.0,3.0,3.0,0.0,3.0,3.0,0.0,0.0,0.0
UnivClass_Nash,6.0,9.0,9.0,2.0,8.0,8.0,2.0,7.0,7.0,3.0,5.0,5.0,2.0,3.0,3.0,1.0,1.0,1.0,3.0,3.0,3.0,1.0,3.0,3.0,1.0,1.0,1.0
UnivLab_Allan,3.0,8.0,8.0,2.0,3.0,3.0,2.0,2.0,2.0,3.0,4.0,4.0,2.0,4.0,4.0,2.0,2.0,2.0,3.0,3.0,3.0,2.0,3.0,3.0,2.0,2.0,2.0
UnivLab_Bert,3.0,17.0,17.0,3.0,4.0,4.0,0.0,3.0,3.0,3.0,4.0,4.0,3.0,4.0,4.0,0.0,3.0,3.0,3.0,4.0,4.0,0.0,3.0,3.0,0.0,0.0,0.0
UnivClass_Chandler,6.0,24.0,24.0,2.0,19.0,19.0,2.0,8.0,8.0,4.0,7.0,7.0,3.0,7.0,7.0,2.0,5.0,5.0,3.0,4.0,4.0,2.0,2.0,2.0,2.0,2.0,2.0
UnivLab_Callie,2.0,20.0,20.0,2.0,11.0,11.0,0.0,2.0,2.0,2.0,3.0,3.0,1.0,2.0,2.0,0.0,0.0,0.0,1.0,1.0,1.0,1.0,1.0,1.0,0.0,0.0,0.0
UnivLab_Caitlin,3.0,6.0,6.0,3.0,5.0,5.0,2.0,3.0,3.0,2.0,4.0,4.0,2.0,4.0,4.0,2.0,3.0,3.0,2.0,3.0,3.0,2.0,2.0,2.0,2.0,2.0,2.0
UnivLab_Ashlynn,3.0,19.0,19.0,1.0,14.0,14.0,0.0,4.0,4.0,1.0,7.0,7.0,1.0,1.0,1.0,0.0,0.0,0.0,1.0,1.0,1.0,1.0,1.0,1.0,0.0,0.0,0.0
Office_Mason,7.0,14.0,14.0,5.0,12.0,12.0,5.0,8.0,8.0,5.0,6.0,6.0,4.0,5.0,5.0,4.0,5.0,5.0,3.0,3.0,3.0,3.0,3.0,3.0,3.0,3.0,3.0
UnivLab_Alfonso,1.0,9.0,9.0,1.0,2.0,2.0,1.0,1.0,1.0,1.0,4.0,4.0,1.0,1.0,1.0,1.0,1.0,1.0,0.0,2.0,2.0,0.0,0.0,0.0,0.0,0.0,0.0
UnivDorm_Alyshialynn,5.0,15.0,15.0,5.0,14.0,14.0,2.0,6.0,6.0,4.0,4.0,4.0,3.0,4.0,4.0,3.0,4.0,4.0,3.0,3.0,3.0,3.0,3.0,3.0,2.0,3.0,3.0
UnivLab_Amaya,3.0,19.0,19.0,1.0,5.0,5.0,1.0,1.0,1.0,3.0,7.0,7.0,1.0,1.0,1.0,1.0,1.0,1.0,2.0,3.0,3.0,1.0,1.0,1.0,1.0,1.0,1.0
UnivLab_Carol,2.0,22.0,22.0,1.0,4.0,4.0,1.0,1.0,1.0,1.0,2.0,2.0,1.0,1.0,1.0,1.0,1.0,1.0,1.0,2.0,2.0,1.0,1.0,1.0,1.0,1.0,1.0
Office_Clinton,4.0,20.0,20.0,3.0,5.0,5.0,1.0,3.0,3.0,2.0,4.0,4.0,2.0,2.0,2.0,1.0,2.0,2.0,2.0,2.0,2.0,2.0,2.0,2.0,1.0,2.0,2.0
UnivLab_Ashton,3.0,21.0,21.0,1.0,13.0,13.0,1.0,1.0,1.0,2.0,6.0,6.0,1.0,1.0,1.0,1.0,1.0,1.0,1.0,2.0,2.0,1.0,1.0,1.0,1.0,1.0,1.0
UnivLab_Cory,2.0,21.0,21.0,2.0,4.0,4.0,0.0,2.0,2.0,1.0,2.0,2.0,1.0,1.0,1.0,0.0,0.0,0.0,1.0,1.0,1.0,1.0,1.0,1.0,0.0,0.0,0.0
UnivLab_Cheyanne,2.0,19.0,19.0,2.0,10.0,10.0,0.0,2.0,2.0,1.0,4.0,4.0,1.0,1.0,1.0,0.0,0.0,0.0,1.0,4.0,4.0,1.0,1.0,1.0,0.0,0.0,0.0
Office_Paulette,7.0,24.0,24.0,2.0,18.0,18.0,1.0,5.0,5.0,4.0,8.0,8.0,3.0,4.0,4.0,1.0,3.0,3.0,3.0,3.0,3.0,1.0,2.0,2.0,1.0,2.0,2.0
UnivLab_Amy,2.0,14.0,14.0,2.0,14.0,14.0,0.0,5.0,5.0,2.0,2.0,2.0,2.0,2.0,2.0,0.0,2.0,2.0,2.0,2.0,2.0,2.0,2.0,2.0,0.0,2.0,2.0
Office_Dawn,4.0,12.0,12.0,3.0,4.0,4.0,2.0,4.0,4.0,3.0,4.0,4.0,2.0,2.0,2.0,2.0,2.0,2.0,2.0,2.0,2.0,2.0,2.0,2.0,2.0,2.0,2.0
Office_Perla,5.0,14.0,14.0,3.0,13.0,13.0,0.0,3.0,3.0,2.0,7.0,7.0,2.0,2.0,2.0,0.0,2.0,2.0,2.0,2.0,2.0,2.0,2.0,2.0,0.0,2.0,2.0
Office_Precious,3.0,10.0,10.0,2.0,6.0,6.0,1.0,4.0,4.0,2.0,2.0,2.0,1.0,2.0,2.0,1.0,2.0,2.0,2.0,2.0,2.0,1.0,2.0,2.0,1.0,2.0,2.0
Office_Patricia,4.0,22.0,22.0,2.0,16.0,16.0,0.0,2.0,2.0,4.0,5.0,5.0,2.0,5.0,5.0,0.0,2.0,2.0,2.0,2.0,2.0,2.0,2.0,2.0,0.0,2.0,2.0
UnivLab_Carlton,3.0,15.0,15.0,1.0,3.0,3.0,1.0,1.0,1.0,2.0,2.0,2.0,1.0,1.0,1.0,1.0,1.0,1.0,2.0,2.0,2.0,1.0,1.0,1.0,1.0,1.0,1.0
UnivLab_Camryn,3.0,16.0,16.0,3.0,4.0,4.0,2.0,3.0,3.0,3.0,8.0,8.0,3.0,4.0,4.0,1.0,3.0,3.0,2.0,3.0,3.0,2.0,3.0,3.0,1.0,2.0,2.0
UnivLab_Margret,4.0,24.0,24.0,2.0,7.0,7.0,2.0,2.0,2.0,4.0,5.0,5.0,2.0,4.0,4.0,2.0,2.0,2.0,2.0,2.0,2.0,2.0,2.0,2.0,2.0,2.0,2.0
UnivLab_Cecil,4.0,16.0,16.0,2.0,4.0,4.0,1.0,4.0,4.0,2.0,5.0,5.0,1.0,2.0,2.0,1.0,2.0,2.0,2.0,2.0,2.0,1.0,2.0,2.0,1.0,2.0,2.0
Office_Pasquale,3.0,23.0,23.0,2.0,7.0,7.0,1.0,3.0,3.0,2.0,2.0,2.0,1.0,2.0,2.0,1.0,1.0,1.0,2.0,2.0,2.0,1.0,2.0,2.0,1.0,1.0,1.0
UnivLab_Levi,4.0,19.0,19.0,3.0,10.0,10.0,2.0,9.0,9.0,2.0,3.0,3.0,2.0,3.0,3.0,2.0,3.0,3.0,2.0,3.0,3.0,2.0,3.0,3.0,2.0,2.0,2.0
UnivLab_Patsy,2.0,27.0,27.0,2.0,22.0,22.0,2.0,2.0,2.0,0.0,5.0,5.0,0.0,3.0,3.0,0.0,0.0,0.0,2.0,3.0,3.0,0.0,0.0,0.0,0.0,0.0,0.0
Office_Bryon,3.0,6.0,6.0,2.0,3.0,3.0,1.0,3.0,3.0,3.0,3.0,3.0,2.0,3.0,3.0,1.0,3.0,3.0,3.0,3.0,3.0,2.0,3.0,3.0,0.0,2.0,2.0
UnivClass_Abby,3.0,8.0,8.0,2.0,3.0,3.0,2.0,3.0,3.0,3.0,3.0,3.0,2.0,3.0,3.0,2.0,3.0,3.0,3.0,3.0,3.0,2.0,3.0,3.0,2.0,3.0,3.0
UnivLab_Brenna,3.0,17.0,17.0,1.0,9.0,9.0,0.0,0.0,0.0,3.0,4.0,4.0,1.0,3.0,3.0,0.0,0.0,0.0,3.0,4.0,4.0,0.0,4.0,4.0,0.0,0.0,0.0
UnivLab_Audra,3.0,5.0,5.0,2.0,2.0,2.0,2.0,2.0,2.0,2.0,2.0,2.0,2.0,2.0,2.0,2.0,2.0,2.0,2.0,2.0,2.0,2.0,2.0,2.0,2.0,2.0,2.0
UnivLab_Lester,4.0,14.0,14.0,2.0,7.0,7.0,1.0,4.0,4.0,2.0,2.0,2.0,2.0,2.0,2.0,1.0,2.0,2.0,2.0,2.0,2.0,2.0,2.0,2.0,1.0,2.0,2.0
UnivClass_Caitlyn,3.0,22.0,22.0,2.0,13.0,13.0,2.0,3.0,3.0,4.0,4.0,4.0,1.0,4.0,4.0,1.0,1.0,1.0,2.0,3.0,3.0,1.0,2.0,2.0,0.0,0.0,0.0
UnivLab_Cristian,3.0,15.0,15.0,1.0,5.0,5.0,1.0,1.0,1.0,1.0,4.0,4.0,1.0,1.0,1.0,1.0,1.0,1.0,1.0,2.0,2.0,1.0,1.0,1.0,1.0,1.0,1.0
UnivLab_Carley,3.0,15.0,15.0,3.0,4.0,4.0,2.0,3.0,3.0,2.0,6.0,6.0,2.0,2.0,2.0,2.0,2.0,2.0,2.0,2.0,2.0,2.0,2.0,2.0,2.0,2.0,2.0
UnivLab_Alina,2.0,15.0,15.0,1.0,8.0,8.0,1.0,4.0,4.0,2.0,6.0,6.0,1.0,5.0,5.0,1.0,1.0,1.0,2.0,3.0,3.0,1.0,2.0,2.0,1.0,1.0,1.0
UnivLab_Allison,5.0,25.0,25.0,4.0,13.0,13.0,3.0,10.0,10.0,4.0,5.0,5.0,3.0,3.0,3.0,3.0,3.0,3.0,3.0,3.0,3.0,3.0,3.0,3.0,0.0,3.0,3.0
UnivLab_Peyton,3.0,21.0,21.0,1.0,10.0,10.0,0.0,9.0,9.0,3.0,6.0,6.0,2.0,4.0,4.0,0.0,0.0,0.0,2.0,3.0,3.0,2.0,2.0,2.0,0.0,0.0,0.0
Office_Marcia,5.0,16.0,16.0,2.0,7.0,7.0,2.0,5.0,5.0,2.0,4.0,4.0,2.0,4.0,4.0,2.0,2.0,2.0,3.0,3.0,3.0,1.0,3.0,3.0,1.0,1.0,1.0
UnivLab_Aine,2.0,6.0,6.0,2.0,3.0,3.0,2.0,2.0,2.0,2.0,5.0,5.0,2.0,2.0,2.0,2.0,2.0,2.0,2.0,2.0,2.0,2.0,2.0,2.0,2.0,2.0,2.0
UnivLab_Santiago,3.0,23.0,23.0,3.0,19.0,19.0,3.0,3.0,3.0,2.0,6.0,6.0,1.0,2.0,2.0,0.0,0.0,0.0,0.0,4.0,4.0,0.0,0.0,0.0,0.0,0.0,0.0
UnivLab_Anita,3.0,18.0,18.0,2.0,10.0,10.0,1.0,3.0,3.0,2.0,4.0,4.0,2.0,4.0,4.0,1.0,2.0,2.0,2.0,2.0,2.0,2.0,2.0,2.0,1.0,2.0,2.0
UnivLab_Parker,3.0,6.0,6.0,2.0,3.0,3.0,1.0,3.0,3.0,1.0,4.0,4.0,1.0,1.0,1.0,1.0,1.0,1.0,1.0,1.0,1.0,1.0,1.0,1.0,1.0,1.0,1.0
UnivLab_Lee,3.0,22.0,22.0,3.0,12.0,12.0,3.0,7.0,7.0,2.0,5.0,5.0,2.0,3.0,3.0,0.0,2.0,2.0,0.0,5.0,5.0,0.0,0.0,0.0,0.0,0.0,0.0
Office_Dorian,2.0,14.0,14.0,2.0,10.0,10.0,0.0,2.0,2.0,2.0,8.0,8.0,1.0,4.0,4.0,0.0,0.0,0.0,1.0,4.0,4.0,1.0,2.0,2.0,0.0,0.0,0.0
Office_Shelly,8.0,23.0,23.0,3.0,20.0,20.0,2.0,12.0,12.0,4.0,8.0,8.0,2.0,5.0,5.0,0.0,5.0,5.0,3.0,4.0,4.0,1.0,3.0,3.0,0.0,3.0,3.0
UnivLab_Alisa,3.0,20.0,20.0,0.0,5.0,5.0,0.0,0.0,0.0,2.0,5.0,5.0,0.0,0.0,0.0,0.0,0.0,0.0,1.0,3.0,3.0,0.0,0.0,0.0,0.0,0.0,0.0
UnivLab_Louie,3.0,18.0,18.0,1.0,6.0,6.0,1.0,1.0,1.0,3.0,5.0,5.0,1.0,2.0,2.0,1.0,1.0,1.0,2.0,2.0,2.0,1.0,2.0,2.0,1.0,1.0,1.0
UnivLab_Priscilla,2.0,16.0,16.0,1.0,2.0,2.0,1.0,1.0,1.0,2.0,4.0,4.0,1.0,2.0,2.0,1.0,1.0,1.0,2.0,3.0,3.0,1.0,2.0,2.0,1.0,1.0,1.0
UnivLab_Patrick,1.0,1.0,1.0,1.0,1.0,1.0,1.0,1.0,1.0,1.0,1.0,1.0,1.0,1.0,1.0,1.0,1.0,1.0,1.0,1.0,1.0,1.0,1.0,1.0,1.0,1.0,1.0
UnivDorm_Adriana,9.0,17.0,17.0,6.0,14.0,14.0,2.0,11.0,11.0,6.0,8.0,8.0,3.0,6.0,6.0,3.0,5.0,5.0,3.0,3.0,3.0,3.0,3.0,3.0,3.0,3.0,3.0
UnivLab_Carole,3.0,23.0,23.0,2.0,2.0,2.0,0.0,2.0,2.0,3.0,5.0,5.0,2.0,2.0,2.0,0.0,2.0,2.0,2.0,2.0,2.0,2.0,2.0,2.0,0.0,2.0,2.0
UnivLab_Paris,4.0,13.0,13.0,1.0,10.0,10.0,1.0,3.0,3.0,3.0,5.0,5.0,1.0,5.0,5.0,1.0,3.0,3.0,2.0,4.0,4.0,1.0,3.0,3.0,1.0,2.0,2.0
Office_Pauline,2.0,9.0,9.0,2.0,7.0,7.0,2.0,6.0,6.0,2.0,4.0,4.0,2.0,2.0,2.0,2.0,2.0,2.0,2.0,2.0,2.0,2.0,2.0,2.0,2.0,2.0,2.0
UnivLab_Dianna,2.0,10.0,10.0,2.0,6.0,6.0,1.0,4.0,4.0,3.0,4.0,4.0,1.0,2.0,2.0,1.0,2.0,2.0,2.0,2.0,2.0,1.0,2.0,2.0,1.0,2.0,2.0
UnivDorm_Cecilia,7.0,13.0,13.0,5.0,12.0,12.0,2.0,9.0,9.0,5.0,7.0,7.0,2.0,5.0,5.0,2.0,3.0,3.0,2.0,2.0,2.0,2.0,2.0,2.0,2.0,2.0,2.0
Office_Luann,3.0,20.0,20.0,3.0,11.0,11.0,2.0,6.0,6.0,2.0,5.0,5.0,1.0,4.0,4.0,0.0,0.0,0.0,2.0,2.0,2.0,0.0,2.0,2.0,0.0,0.0,0.0
Office_Milton,4.0,25.0,25.0,1.0,6.0,6.0,1.0,4.0,4.0,2.0,4.0,4.0,1.0,2.0,2.0,1.0,2.0,2.0,2.0,2.0,2.0,1.0,2.0,2.0,1.0,2.0,2.0
Office_Lane,3.0,21.0,21.0,3.0,17.0,17.0,2.0,3.0,3.0,2.0,4.0,4.0,2.0,2.0,2.0,0.0,2.0,2.0,2.0,2.0,2.0,1.0,2.0,2.0,0.0,2.0,2.0
Office_Cameron,2.0,16.0,16.0,1.0,10.0,10.0,0.0,0.0,0.0,2.0,6.0,6.0,1.0,4.0,4.0,0.0,0.0,0.0,2.0,2.0,2.0,1.0,2.0,2.0,0.0,0.0,0.0
UnivLab_Lea,4.0,18.0,18.0,2.0,13.0,13.0,2.0,3.0,3.0,3.0,4.0,4.0,2.0,4.0,4.0,2.0,3.0,3.0,2.0,2.0,2.0,2.0,2.0,2.0,0.0,2.0,2.0
UnivLab_Carlos,4.0,23.0,23.0,2.0,10.0,10.0,0.0,0.0,0.0,3.0,7.0,7.0,1.0,3.0,3.0,0.0,0.0,0.0,2.0,3.0,3.0,1.0,2.0,2.0,0.0,0.0,0.0
UnivLab_Aoife,3.0,3.0,3.0,2.0,3.0,3.0,2.0,3.0,3.0,2.0,2.0,2.0,2.0,2.0,2.0,2.0,2.0,2.0,2.0,2.0,2.0,2.0,2.0,2.0,2.0,2.0,2.0
