building_name,BG_normalizedcons_mean,BG_normalizedcons_std,BG_normalizedcons_min,BG_normalizedcons_max
Office_Abbey,0.178410074787,0.0248994328275,0.054394192452,0.256048551926
Office_Abigail,0.234297696196,0.0907609723733,0.0541912037772,0.467749960996
Office_Al,0.266243324438,0.0519342954136,0.0714141057883,0.375031499105
Office_Alannah,0.461106209025,0.143076112836,0.115859446762,0.840296950024
Office_Aliyah,0.463555664869,0.033073317919,0.123884322146,0.5174878377
Office_Allyson,0.176739922742,0.0476489285848,0.0720901510645,0.312111416817
Office_Alyson,0.20765215218,0.0654403727472,0.0878013882126,0.454494216798
Office_Amelia,0.330091548209,0.133605698264,0.04225396284,0.656007956753
Office_Amelie,0.175162520318,0.0806319415608,0.0295348529014,0.345492502918
Office_Anastasia,0.298403325639,0.0810912326467,0.0548229165504,0.497967254545
Office_Andrea,0.292717511898,0.0696290467692,0.048859547364,0.457315529477
Office_Angelica,0.361901973238,0.0470311960712,0.0980891673099,0.471525354505
Office_Angelina,0.326649391744,0.0954905580346,0.133826269026,0.610451537635
Office_Angelo,0.293093512515,0.0598225700345,0.0834800579464,0.594116842197
Office_Annika,0.266494735952,0.108631649598,0.0814564057097,0.582260069646
Office_Ashanti,0.613191399964,0.0792992176712,0.145128305923,0.785577224706
Office_Asher,0.263477279942,0.0475617741615,0.0762284438597,0.361578555513
Office_Aubrey,0.229135293024,0.0485786285904,0.041567388626,0.31085495554
Office_Autumn,0.23013665455,0.0515282626046,0.0749316436347,0.397982364689
Office_Ava,0.179064444746,0.0514877412984,0.0597730201109,0.311529274234
Office_Ayden,0.530263425127,0.0943195190834,0.111066318941,0.746481429471
Office_Ayesha,0.147112821179,0.0299724249813,0.0337502970118,0.199166362519
Office_Benjamin,0.201970384806,0.0292923080655,0.0629896072735,0.254749649382
Office_Benthe,0.218513210506,0.0376434132118,0.0513040371544,0.282889822986
Office_Bianca,0.214285773925,0.0645115423408,0.035963889603,0.375918700445
Office_Bobbi,0.139644734599,0.0289248696114,0.0303638411593,0.193795863821
Office_Brian,0.305523443117,0.0264408746866,0.0887840345315,0.345235899615
Office_Bryon,0.923930046986,0.0963917236311,0.240715490509,1.15208089948
Office_Caleb,0.174094995344,0.0403233668183,0.0219127409471,0.223519741059
Office_Cameron,2.16604138925,0.131642266637,0.398732146957,2.47960745239
Office_Carissa,0.534652976865,0.0495232596722,0.0945288213251,0.64399830221
Office_Carolina,0.441718843439,0.093842060637,0.0538663702331,0.672697899821
Office_Catherine,0.330780039457,0.0402617110566,0.0488067854177,0.425173150549
Office_Cecelia,0.176273469339,0.0525951247759,0.0374551364566,0.278853957179
Office_Charles,0.256769049149,0.0241543783296,0.0431382992243,0.307114366208
Office_Clarissa,0.273147522837,0.073574747579,0.0291839051826,0.383752845764
Office_Clifton,0.192317774306,0.0490469789177,0.0244212596257,0.300164947697
Office_Clinton,0.779265186271,0.118747724924,0.108788148687,1.01926240574
Office_Cody,0.254118790181,0.0467118913274,0.0366111765344,0.347246454152
Office_Colby,0.533258526094,0.0360351356028,0.0991990631076,0.590374602755
Office_Conrad,0.106916574873,0.0205173862648,0.0171282581145,0.168103392684
Office_Cora,0.663071547631,0.0942947953952,0.121976772879,0.838945278404
Office_Corbin,0.230671528517,0.0329540171746,0.0412482888703,0.312748839929
Office_Cristina,0.00930165007743,0.00172768529173,0.00169733682357,0.0126017049701
Office_Curt,0.454050704869,0.056437082582,0.0636209373795,0.544251323614
Office_Dawn,0.816829127012,0.102481807684,0.324515483594,1.12117386674
Office_Dorian,1.15423594532,0.0801947320038,0.325963223707,1.3079013913
Office_Eddie,0.0566482329115,0.0110087112152,0.00948721101728,0.0733105282001
Office_Eileen,0.0493105314025,0.0096000443756,0.0143663229835,0.0625554883647
Office_Elena,0.0428045052251,0.00937830982063,0.00729115152446,0.0669999369265
Office_Elizabeth,0.00793106369322,0.00330373029536,0.00148547946973,0.0146488088034
Office_Ellie,0.0082372268292,0.00263809674511,0.0023621681341,0.0134946304144
Office_Elliot,0.0554784573829,0.010786573474,0.00888348636591,0.0717967300736
Office_Ellis,0.051955044321,0.0140070680724,0.009952506511,0.0751766653274
Office_Emer,0.038438352173,0.00842987309703,0.0065277524972,0.0601796415834
Office_Emerald,0.0505781906968,0.0121082961044,0.00761797765737,0.0817121875851
Office_Erik,0.0266420097927,0.00756949932262,0.00385677460011,0.0435179500317
Office_Evelyn,0.0334234646533,0.00727453904386,0.0111951056455,0.0546871812761
Office_Gabriela,0.419828391516,0.0841192416924,0.253137829912,0.592082111437
Office_Garman,0.628858834124,0.0935832811691,0.451189710611,0.80331511254
Office_Garrett,0.253526588031,0.0865118778189,0.0118359631187,0.481190926276
Office_Gemma,0.221983357067,0.0361795387936,0.137291182762,0.290865189035
Office_Georgia,0.144089694744,0.0695842216975,0.021133337326,0.263738440147
Office_Gisselle,0.310988421232,0.0509181987351,0.212365921308,0.408754489744
Office_Gladys,0.402201069671,0.0884868234315,0.236131064206,0.598187645044
Office_Glenda,0.298325826662,0.0474187823449,0.193730017762,0.397496891652
Office_Glenn,0.475186557173,0.188217657171,0.165910413031,1.0288292612
Office_Gloria,0.333460687255,0.0585805232483,0.230927097662,0.455642365887
Office_Guillermo,0.414248233463,0.0743885967472,0.220709595217,0.600977653631
Office_Gustavo,0.244584978365,0.0509867560685,0.050210465683,0.322229606983
Office_Jackie,0.0671443048903,0.0297341580227,0.00048091784796,0.149074074868
Office_Jackson,0.331395367719,0.0779306326094,0.00542089726538,0.497551744497
Office_Jan,0.338850740633,0.176270745539,0.00212491677862,0.66127785679
Office_Javon,0.168359683554,0.0273965353405,0.00389307928967,0.227902759652
Office_Jayden,0.11455733195,0.0619966071673,0.00108043890431,0.245754760653
Office_Jeanne,0.174013083689,0.0707734029022,0.00153256704981,0.282847221736
Office_Jerry,0.0528426680548,0.0250999942344,0.00070799230963,0.123587872957
Office_Jesus,0.0113325604348,0.00312055835116,0.000167104736375,0.0176678444725
Office_Jett,0.0475060043169,0.0253299366547,0.000762354701154,0.122267759891
Office_Joan,0.16579138451,0.065534817426,0.00259645312449,0.2804182841
Office_John,0.197013696112,0.0389607962155,0.00389731852381,0.293935758842
Office_Joni,0.416166254197,0.103698211069,0.00793025882103,0.547901047789
Office_Jude,0.379315269122,0.0768618399127,0.00757642026439,0.511436203213
Office_Lane,1.92543014047,0.196737602019,1.46597938144,2.34041002812
Office_Leland,0.505280157378,0.168768823571,0.167696163213,0.931396703258
Office_Lena,0.245689110735,0.0944668682367,0.0820565202587,0.439500340483
Office_Lesa,0.0493721828454,0.0200378155771,0.0192151556157,0.0870545782589
Office_Lillian,0.265437027387,0.0654786884647,0.152647802232,0.394974261759
Office_Louise,0.407001259174,0.120267709217,0.143570472563,0.60686708535
Office_Luann,1.71734024846,0.170299340312,1.31281866321,2.19628957162
Office_Mada,0.26322409565,0.0479137310809,0.0421960905192,0.351659407846
Office_Madeleine,0.32489095216,0.0497870529229,0.0648434266464,0.446568192936
Office_Madisyn,0.356538120092,0.0896598195319,0.0695387042344,0.597854253968
Office_Malik,0.2029692437,0.0639473403295,0.0454982037018,0.37298967256
Office_Marc,0.143500615382,0.0400248871098,0.0207007067801,0.236700704576
Office_Marcia,1.01749559564,0.166324681378,0.190484484252,1.58073771945
Office_Marcus,0.133207260377,0.0373106684589,0.0262032618253,0.235603593862
Office_Marianne,0.28873894289,0.0426078007773,0.0411134469693,0.362186043635
Office_Marilyn,0.196112097394,0.0646339824809,0.031782812035,0.408738186235
Office_Marion,0.373978698569,0.041009327245,0.0802682604871,0.45804485236
Office_Mark,0.231781031356,0.0458302945789,0.0432007210398,0.326748973899
Office_Marla,0.0828832238911,0.00752006238415,0.0167576893704,0.111879060765
Office_Marlon,0.169985673092,0.0704694311321,0.0292386709765,0.330709789404
Office_Martha,0.184520562594,0.043838109924,0.0378767697589,0.258338267338
Office_Martin,0.395310241189,0.034246032226,0.0831834294385,0.45964801237
Office_Marvin,0.298801474807,0.0645472622264,0.0575250154396,0.444134578665
Office_Mary,0.14669769865,0.0412515910465,0.0301117141341,0.240330486066
Office_Maryann,0.0989066735719,0.0276194415803,0.0311056843979,0.187079851336
Office_Mason,0.722458340845,0.14931542811,0.206054572035,0.94221415229
Office_Mat,0.188958648957,0.0299309364911,0.0317379035271,0.239758060351
Office_Matthew,0.310924972083,0.0418040268329,0.061165983981,0.410842058837
Office_Max,0.240384078363,0.0579264603599,0.0472088411734,0.346285453837
Office_Maximus,0.17270165897,0.0713741391109,0.0172596838865,0.284427335053
Office_Maya,0.310867110675,0.0937763518287,0.0487361706028,0.538493779502
Office_Megan,0.336942150686,0.0363211878685,0.0577132729564,0.420640829154
Office_Melinda,0.335082205449,0.0663662440104,0.0537760136806,0.58573419929
Office_Mercedes,0.189579330978,0.0273515225056,0.0341145670043,0.260724424137
Office_Michael,0.173217156675,0.0352637008001,0.033257542374,0.236315441581
Office_Micheal,0.223019390522,0.0483942610946,0.0511603008545,0.316446580005
Office_Mick,0.107827036102,0.0196356198498,0.0218493504713,0.141781551599
Office_Mikayla,0.511212880281,0.0401225440695,0.0960358500055,0.573792479194
Office_Milton,1.90105399367,0.153381327489,0.377239056928,2.15327941108
Office_Mohammed,0.213302756873,0.0111010520574,0.0454834923048,0.231431516718
Office_Moises,0.118131052096,0.0287102555039,0.0212544958351,0.183698327587
Office_Monty,0.157644810186,0.0526368219766,0.0229155101925,0.282527774405
Office_Morgan,0.360193336958,0.0283854547409,0.0572576678642,0.422785354436
Office_Moses,0.184565385241,0.0209066017703,0.0347842346413,0.23982140266
Office_Muhammad,0.399299362764,0.0357269594041,0.0811657378184,0.450833490671
Office_Myron,0.106206473317,0.0389833916336,0.0137740702743,0.221684979929
Office_Natasha,0.35244837112,0.0416466491563,0.0567087467925,0.420249235748
Office_Nelson,0.176795128818,0.0235931317811,0.0283350093889,0.209410322722
Office_Noel,0.451288495288,0.0376836616229,0.0842211118949,0.517026236492
Office_Paige,0.393713196721,0.0426533170393,0.0588934897923,0.483014113134
Office_Pam,0.259623654286,0.0526547406098,0.0306822021795,0.357273973288
Office_Pamela,0.170213562484,0.0361730055346,0.0186748437169,0.253369787061
Office_Pasquale,0.905398545755,0.096078550966,0.185012629035,1.13883784545
Office_Pat,0.287462474001,0.0485598256044,0.040392878436,0.387757945125
Office_Patricia,0.84388154524,0.114797491545,0.161455137078,1.08438351646
Office_Paula,0.550576198728,0.129290042423,0.0548895244046,0.849846769053
Office_Paulette,0.819425946359,0.213488824756,0.0695247902139,1.1803995512
Office_Paulina,0.420925631717,0.0427430576747,0.068912573865,0.501907745139
Office_Pauline,1.48402628908,0.437737828829,0.253595741539,2.10320608893
Office_Penny,0.248489318404,0.0474234840512,0.0295073221502,0.356700954424
Office_Perla,0.834284130422,0.128900245249,0.106953389673,1.0550054274
Office_Phebian,0.314344696487,0.083596980108,0.0360690294226,0.50899068822
Office_Precious,0.834615485808,0.0842430436211,0.164632688897,1.00944040019
Office_Scottie,0.174199801062,0.033298540643,0.0723942433493,0.231574356738
Office_Shari,0.344987624332,0.0627338364866,0.218669250646,0.459302325581
Office_Shawnette,0.253267845377,0.0624130112588,0.129306487696,0.379404642058
Office_Shelly,1.18846827743,0.285414969048,0.496936691627,1.80689811663
Office_Sinead,0.336741949388,0.0614791944116,0.21308411215,0.444859813084
Office_Skyler,0.141667452298,0.0431525886059,0.0614702154626,0.215885086608
Office_Stella,0.40390239726,0.119484250139,0.152819993246,0.605707531239
Office_Terrell,0.470998426541,0.1257999037,0.0117661314753,0.607088760981
Office_Tod,0.121819520403,0.0310027834519,0.00341875260122,0.176511683215
Office_Travis,0.241111166488,0.0184212382362,0.00918974469926,0.273587301575
PrimClass_Angel,0.400736333688,0.213661717833,0.0433931392522,0.890653036768
PrimClass_Angela,0.181663140378,0.0731804604524,0.0289219146054,0.363883199662
PrimClass_Ebony,0.0271686340403,0.00583478726847,0.00471550195962,0.0384354264107
PrimClass_Edmund,0.0223170060869,0.0118049612028,0.00256777866909,0.0569310049294
PrimClass_Edwin,0.0154198127685,0.00671795649782,0.0028924355208,0.0266924560914
PrimClass_Eleanor,0.0197438844027,0.00873209681754,0.00284183381789,0.0375933817242
PrimClass_Eli,0.0161710779877,0.00467310628775,0.00213009443772,0.0276050715224
PrimClass_Elijah,0.0216028971488,0.00650573067728,0.00289619626165,0.037070606178
PrimClass_Elisabeth,0.00859748017033,0.00340004932601,0.00171022206225,0.0157105818789
PrimClass_Ellen,0.0213155982416,0.00964945549949,0.00324089929358,0.0457408307344
PrimClass_Elliott,0.0213432357521,0.00638249721906,0.00342155557178,0.0329105786509
PrimClass_Elmer,0.0293367139595,0.00835301200235,0.0048272202564,0.0485663454363
PrimClass_Emanuela,0.018931223884,0.00908096548995,0.00299415656185,0.0400191941504
PrimClass_Emilio,0.0190140937393,0.00828765000207,0.00295453943523,0.0354538227399
PrimClass_Emily,0.0323248207359,0.0100780558299,0.00845533616084,0.0559161583595
PrimClass_Eoghan,0.0120335041913,0.00478029407748,0.00168478388456,0.0219928302853
PrimClass_Ernest,0.0312923843106,0.00918437645076,0.00461145801843,0.0527037836594
PrimClass_Ernesto,0.0177372992903,0.00742272008813,0.00391781031493,0.0320179014601
PrimClass_Ervin,0.0289356220646,0.00919634391394,0.00564081775885,0.049582560546
PrimClass_Esmeralda,0.0120332974353,0.00478018127694,0.00170554649245,0.0219926944609
PrimClass_Ethan,0.0290890329133,0.00848674850996,0.00427509527471,0.0495289606083
PrimClass_Ethel,0.0170222093278,0.0064465070844,0.00352688041516,0.0268293222012
PrimClass_Eva,0.0229858744938,0.0110830778613,0.00300020301151,0.0570115515024
PrimClass_Everett,0.00593468952069,0.00153984965084,0.00102712616853,0.00938067257818
PrimClass_Evie,0.0215743178827,0.00586727366731,0.00340338574035,0.034663847308
PrimClass_Ezekiel,0.020990290785,0.00778834397816,0.00296342243798,0.0354784420723
PrimClass_Ezra,0.0216035272318,0.00650746219163,0.00289097979887,0.0370706703137
PrimClass_Jacob,0.183162386317,0.0658268089774,0.0031923329277,0.310765976419
PrimClass_Jacqueline,0.103358645736,0.0574671745716,0.00130044663528,0.21883327202
PrimClass_Jacquelyn,0.133596733552,0.0703167805439,0.00180554056097,0.258547275642
PrimClass_Jaden,0.055989908498,0.0328668487377,0.000779336558297,0.110014969071
PrimClass_Jaiden,0.274998899903,0.191080519563,0.00134490957975,0.80203143783
PrimClass_Jake,0.163517187626,0.0624224823281,0.00261701020999,0.27221997095
PrimClass_Jamal,0.0815223831163,0.0517792521137,0.000567082625712,0.178883297645
PrimClass_Jamie,0.17965790684,0.0585991260386,0.0036599316463,0.287535481706
PrimClass_Jane,0.151572532537,0.069302228022,0.00103742422486,0.272603361119
PrimClass_Janelle,0.146493173549,0.0961816643622,0.00110252950128,0.292922564113
PrimClass_Janet,0.10972186846,0.055882942879,0.00150200530027,0.211696131983
PrimClass_Janice,0.0462717220221,0.0189846555506,0.000275936081706,0.0944435414173
PrimClass_Janie,0.106291970983,0.0571391541883,0.00104217867412,0.202528089769
PrimClass_Janis,0.0776012910765,0.0384131726505,0.000855509749529,0.146069971753
PrimClass_Janiya,0.0425444641149,0.0264902609198,0.000438416360512,0.0969356487845
PrimClass_Jaqueline,0.121854230343,0.058994176919,0.00207783904739,0.240355678705
PrimClass_Jarrett,0.0968764146207,0.0434447826634,0.00122243162023,0.175480058944
PrimClass_Jasmine,0.0838623257474,0.0476121004745,0.00124380867589,0.151389432016
PrimClass_Javier,0.0697906195434,0.0380814017875,0.00107545055389,0.131433137027
PrimClass_Jaxson,0.11797129699,0.0602956616881,0.00180815991001,0.220209117859
PrimClass_Jayda,0.118674593845,0.0794557859185,0.00107729430995,0.320672685327
PrimClass_Jayla,0.0389815204863,0.0190239355112,0.000603953494757,0.0786233584428
PrimClass_Jaylin,0.0122479606558,0.0062114042266,0.000151399260352,0.021724216794
PrimClass_Jaylinn,0.0719815037029,0.0415232352381,0.000723648902246,0.139943856788
PrimClass_Jayson,0.122581417272,0.055396307459,0.00213630884375,0.206056948004
PrimClass_Jazmin,0.260513268682,0.139585686461,0.0174739648684,0.593206784432
PrimClass_Jazmine,0.0864914476785,0.0416155934523,0.00129653803449,0.154997573518
PrimClass_Jean,0.0891203180486,0.0448455982051,0.00101706920844,0.158401792502
PrimClass_Jeanette,0.0693489164873,0.0371704532558,0.000923859793295,0.157882676673
PrimClass_Jeanine,0.103774108571,0.0599973039229,0.00104082365372,0.195218989936
PrimClass_Jeannine,0.102245247535,0.0452175947598,0.00162707053637,0.184385800189
PrimClass_Jediah,0.143610598579,0.0659003145636,0.00237265246651,0.25144797963
PrimClass_Jeff,0.104259079889,0.0530894430753,0.00159575477967,0.206058932965
PrimClass_Jeffery,0.114778727446,0.0594879220509,0.00178118332138,0.235145076797
PrimClass_Jeffrey,0.112667655517,0.0685376929657,0.00170233381948,0.272137002888
PrimClass_Jenna,0.0924090559865,0.0398632626049,0.00114664422498,0.184455010111
PrimClass_Jennie,0.117942789529,0.0585264887278,0.00135919968412,0.215378899963
PrimClass_Jennifer,0.109713138583,0.0559830282012,0.0014086302967,0.200277265943
PrimClass_Jensen,0.107706904609,0.0644392995915,0.00106281195845,0.220072223924
PrimClass_Jeremy,0.128954513169,0.0730348484969,0.00163067694417,0.249000467596
PrimClass_Jermaine,0.0597279251483,0.0370278189098,0.000614734415523,0.131548281356
PrimClass_Jerome,0.107616501963,0.0557789844733,0.00122251198531,0.195287701454
PrimClass_Jesse,0.111310612215,0.0511878414577,0.00167862861316,0.213441417711
PrimClass_Jessie,0.0909304008165,0.0485570158335,0.00125331039941,0.163731389389
PrimClass_Jill,0.105145150015,0.0583818973467,0.00123729766084,0.196817471448
PrimClass_Jim,0.105843056519,0.0554703644157,0.00164432635934,0.189842209339
PrimClass_Jimmie,0.119536891889,0.0687679859937,0.00132771569155,0.268861208146
PrimClass_Joanna,0.148499587778,0.0617373221694,0.00199265121537,0.272131410992
PrimClass_Jocelyn,0.116461987084,0.0533443640037,0.00175313220457,0.194916607045
PrimClass_Jodie,0.07775547489,0.0401543866961,0.000847607210117,0.137743190774
PrimClass_Jody,0.0859788511924,0.0496785775927,0.000794615099399,0.177584782465
PrimClass_Joel,0.136628006094,0.0690283124813,0.00194275063241,0.238532819151
PrimClass_Joey,0.145587781054,0.0576872168376,0.00267635275894,0.236077202971
PrimClass_Johanna,0.0759595760073,0.0398955691306,0.00104936077331,0.149515082012
PrimClass_Johnathan,0.0767588020301,0.0411557188603,0.00124309426104,0.142024866998
PrimClass_Johnathon,0.177789442463,0.0797158642949,0.00253265184181,0.326631157359
PrimClass_Johnnie,0.174351176675,0.0815609379305,0.00228221672092,0.342962126682
PrimClass_Jolie,0.0104859180369,0.00635368628791,0.000101551548532,0.0205184490571
PrimClass_Jon,0.164321969465,0.0792270969249,0.00249473754779,0.324166142039
PrimClass_Jonathon,0.127690813382,0.0520225142149,0.00220255753166,0.231891891892
PrimClass_Jose,0.0820238107469,0.0414343568085,0.000825375403565,0.162083704862
PrimClass_Joselyn,0.0978758437082,0.0558906301249,0.00105952091353,0.193202465008
PrimClass_Josephine,0.059250384664,0.0342959844881,0.000758187388728,0.113480797882
PrimClass_Josue,0.13864251135,0.0743477081839,0.00156609193357,0.286879732576
PrimClass_Juanita,0.132425880378,0.0499284650091,0.00116541244363,0.24075246097
PrimClass_Judith,0.0919945580492,0.0434231318492,0.00134554299614,0.169614108299
PrimClass_Judy,0.0980606407592,0.0612884266644,0.000836358384204,0.202992958573
PrimClass_Julian,0.100634160903,0.0513816091674,0.00148860162978,0.191049511163
PrimClass_Julianna,0.0850576343844,0.0485722945113,0.000784994886807,0.167594985718
PrimClass_Julianne,0.0855955326785,0.0501844090517,0.000803119813589,0.168248022697
PrimClass_Julio,0.134769766161,0.0543711100043,0.00217350387805,0.259404136912
PrimClass_Julius,0.0706967795399,0.0381936897564,0.00105276258049,0.138345645409
PrimClass_Justice,0.0904864430903,0.043171082084,0.00127729654769,0.163731853288
PrimClass_Justin,0.0882372439165,0.0430929804556,0.0012805036513,0.16784343815
PrimClass_Ulysses,0.0504197205146,0.0270262623892,0.00441666666667,0.0995
PrimClass_Uma,0.0296196038251,0.0108927852882,0.005,0.0528
PrimClass_Umar,0.0433590010246,0.0169656788709,0.00475,0.079925
PrimClass_Uriah,0.0493863418607,0.0133786863352,0.0106875,0.0780555555556
UnivClass_Abby,0.928574204107,0.180950752004,0.232160152968,1.33082182716
UnivClass_Abraham,0.224921713451,0.0446197579154,0.0401680246678,0.299590781257
UnivClass_Adrienne,0.383221659488,0.0604101753895,0.096970704708,0.521179982712
UnivClass_Aidan,0.503939167618,0.0360857350642,0.148283587172,0.591199449105
UnivClass_Alec,0.217278992615,0.10186118572,0.0761009293141,0.704102016245
UnivClass_Alejandra,0.531508253191,0.0778764321805,0.183649331213,0.729052938949
UnivClass_Alexander,0.183043140462,0.0379948366421,0.0545608424676,0.280386041908
UnivClass_Alexandra,0.233621386958,0.0306752237639,0.0603149166092,0.294589256936
UnivClass_Alexandria,0.300891490823,0.0739528638072,0.126492971385,0.531944699458
UnivClass_Alexus,0.331970181833,0.0410049409535,0.0710983224181,0.405027033925
UnivClass_Alfredo,0.348618389038,0.0642613386207,0.145217177104,0.553368641956
UnivClass_Alicia,0.325711719758,0.0999508581511,0.0762526978578,0.56002364435
UnivClass_Allen,0.241785460882,0.0512851528996,0.0452292661105,0.356756386252
UnivClass_Alvin,0.200205468243,0.0501024251707,0.0325102904145,0.301473539223
UnivClass_Amari,0.121491502491,0.0151139454653,0.0289091686145,0.155940902864
UnivClass_Amya,0.289796466283,0.105113363706,0.0391386308486,0.520321271779
UnivClass_Anamaria,0.186601293002,0.0239456707113,0.0471741001744,0.245485055786
UnivClass_Andy,0.198833484531,0.0977957979714,0.0409387765745,0.507639144107
UnivClass_Anika,0.453007600202,0.0331900624267,0.126759223683,0.505490776606
UnivClass_Annabella,0.291742440684,0.0427982305843,0.0714888934721,0.404466148377
UnivClass_Anne,0.344875805344,0.110125471796,0.120332409573,0.780073436657
UnivClass_Annmarie,0.263014231441,0.0529722183089,0.0690574277583,0.378921379301
UnivClass_Antoinette,0.288490057128,0.0483085358856,0.0753326002894,0.390148214152
UnivClass_Anya,0.312045116825,0.0942693457267,0.0488627930943,0.549692033973
UnivClass_Aoibhe,0.305161585655,0.0249226497475,0.084189371631,0.344852261393
UnivClass_Archie,0.190239977896,0.0282120002317,0.0431115073516,0.257322309728
UnivClass_Ariana,0.139081112933,0.0369000913905,0.0173428507103,0.19251733141
UnivClass_Armando,0.190002630507,0.0744343636898,0.0545795875562,0.33606673477
UnivClass_Axel,0.246466225485,0.0336570886526,0.0762549786073,0.319222363151
UnivClass_Ayanna,0.29780023076,0.106183725326,0.153249472348,0.656365477046
UnivClass_Beatrice,0.212400820375,0.0518554663985,0.0334601401586,0.311483097586
UnivClass_Bob,0.314880350323,0.0306318612357,0.136598469965,0.401325128214
UnivClass_Boyd,0.0992886559411,0.00720972069681,0.0288736415042,0.113514827891
UnivClass_Brett,0.504652401223,0.0409676476013,0.157572166418,0.579817794608
UnivClass_Caitlyn,0.988375691893,0.0850443636067,0.177487203122,1.12966002487
UnivClass_Calvin,0.357061995731,0.0707740879526,0.0456323354831,0.583769020436
UnivClass_Camden,0.0612201660917,0.0126546170323,0.00942249447421,0.0854800140312
UnivClass_Candy,0.135168935969,0.0341694464516,0.0169332319449,0.210703879878
UnivClass_Caoimhe,0.609092572626,0.0617359566612,0.110086403513,0.73570508666
UnivClass_Carl,0.25787920638,0.0292772013012,0.0416105394173,0.319796436419
UnivClass_Carolyn,0.388371232871,0.079537602229,0.0508631558044,0.506831333642
UnivClass_Cathleen,0.52603996719,0.0745285680965,0.0539507493561,0.733705493139
UnivClass_Celia,0.457074070717,0.0791189452145,0.10419713564,0.582084886823
UnivClass_Chandler,0.680824974659,0.134766438077,0.113895307738,0.928604937541
UnivClass_Charlie,0.284614802407,0.041830969404,0.040388419535,0.382772874791
UnivClass_Christian,0.235720239724,0.0386818625971,0.0368734385729,0.340066873738
UnivClass_Ciara,0.310580387136,0.0310057167007,0.0516482193474,0.399424200651
UnivClass_Clay,0.402606718668,0.117627593245,0.0640071184373,0.83859886135
UnivClass_Clifford,0.00646388353319,0.00059235743687,0.00113366028671,0.00769991486007
UnivClass_Colette,0.220763029365,0.0423055326893,0.0338459028685,0.324187755083
UnivClass_Conner,0.3409766416,0.0377126632939,0.058620907893,0.415176805034
UnivClass_Conor,0.260188122454,0.0573946255698,0.0703736661341,0.376161011719
UnivClass_Craig,0.0854503267961,0.0250050647227,0.0180695887998,0.147614641429
UnivClass_Jadon,0.104981914629,0.0372056944103,0.00203935928019,0.162586352808
UnivClass_Maddison,0.261111586192,0.0857339672302,0.0377514821147,0.411472184456
UnivClass_Nash,0.698572563805,0.137542568852,0.11551254127,1.0710965858
UnivClass_Nathaniel,0.282913745625,0.0463874223106,0.0475190139787,0.364020991199
UnivClass_Nayeli,0.394978360718,0.0597257658121,0.0677466118759,0.555790171362
UnivClass_Nelly,0.34491017834,0.0380519684472,0.0694357299179,0.406447356023
UnivClass_Nicholas,0.390254369527,0.0530524627573,0.0751444244957,0.590417346645
UnivClass_Nickolas,0.281067562286,0.0325237451325,0.0440493183981,0.355390742119
UnivClass_Nishka,0.27012585897,0.0364839420006,0.0372514208693,0.318802053461
UnivClass_Noreen,0.4089441836,0.0294722590629,0.0779180910845,0.469455883925
UnivClass_Pandora,0.243471969085,0.0520097247912,0.0208652734433,0.353505083978
UnivClass_Pete,0.167742901772,0.0230124922386,0.0195501463638,0.221130949512
UnivClass_Peter,0.30404339184,0.0329374174549,0.0456118166232,0.372999198325
UnivClass_Philip,0.236961347103,0.0442695377998,0.0381260919555,0.312004052354
UnivClass_Phyllis,0.249241923384,0.0495788622644,0.0383837556899,0.387468811545
UnivClass_Sam,0.19858099109,0.0520875481418,0.095005523577,0.299959299959
UnivClass_Seb,0.251739708264,0.0586069426078,0.109955305413,0.350990454119
UnivClass_Serenity,0.264253976678,0.0310187392934,0.198316614781,0.331556843076
UnivClass_Shawna,0.139935306812,0.0377489166073,0.0643835616438,0.220698630137
UnivClass_Sheila,0.218655259568,0.0903827684127,0.0160934387815,0.404938049209
UnivClass_Stephanie,0.520547036658,0.0553702333806,0.389321837175,0.623942961366
UnivClass_Stephen,0.264041082983,0.0858848897189,0.120053209179,0.414699035584
UnivClass_Stuart,0.190008653993,0.0381832056483,0.115070879861,0.258256117843
UnivClass_Sylvia,0.296861384257,0.0984401651326,0.0894927536232,0.448768115942
UnivClass_Tammy,0.052307506668,0.0160179687047,0.00108304580132,0.0792966193611
UnivClass_Tamra,0.0305149289458,0.0231186065714,0.000908727781106,0.097469012133
UnivClass_Teri,0.123622690361,0.0245972927204,0.00332111683298,0.180631051269
UnivClass_Therese,0.107036367296,0.0872559954396,0.00100241799832,0.364271446595
UnivDorm_Adan,0.154823248544,0.043657057486,0.0247580087953,0.209502277385
UnivDorm_Adriana,1.39556288583,0.220845228265,0.294772365833,1.7607942152
UnivDorm_Ahmad,0.181274503455,0.0454817649921,0.0395569713547,0.289760788063
UnivDorm_Alex,0.344770698602,0.0476244974914,0.0823918841488,0.440880616399
UnivDorm_Alka,0.284370475292,0.100488037189,0.0467526607177,0.480466971565
UnivDorm_Alonzo,0.210878276987,0.0288419328252,0.0521793835637,0.272681314461
UnivDorm_Alphonso,0.360519763754,0.0474926305457,0.0898015522122,0.451831483908
UnivDorm_Alyshialynn,0.742309460933,0.116366907464,0.151225136972,0.921378271987
UnivDorm_Alyssa,0.249356152532,0.0292428409567,0.0608501997216,0.324369028944
UnivDorm_Antonio,0.238038988775,0.038905732086,0.0614615062864,0.297392758472
UnivDorm_April,0.183109669014,0.0303213477281,0.0432905571958,0.245012981562
UnivDorm_Ashleigh,0.199223331266,0.0182432339624,0.0601666175191,0.234899560259
UnivDorm_Avery,0.256101027431,0.0459876983039,0.0560693573222,0.317642917441
UnivDorm_Camila,0.527569168732,0.0480912114437,0.0961259542451,0.610075419155
UnivDorm_Candace,0.180926489338,0.0232680171702,0.0340697324552,0.246173691141
UnivDorm_Cara,0.380706892707,0.0791315366873,0.033598687718,0.527726861618
UnivDorm_Carey,0.461207671333,0.252586731768,0.122710920429,1.1878092346
UnivDorm_Carla,0.0592645238215,0.015982783074,0.0102661082814,0.0844337730641
UnivDorm_Carter,0.328298979796,0.0331651473196,0.0604110657549,0.365806399847
UnivDorm_Casey,0.22091372632,0.0424508347135,0.0351793309678,0.356444438875
UnivDorm_Cathal,0.290838189562,0.0674276994609,0.0245158397756,0.465217730346
UnivDorm_Cathalina,0.442991433137,0.0887395291607,0.055193867921,0.60896479509
UnivDorm_Cecilia,1.62766429829,0.20677205064,0.287019658171,1.98209677164
UnivDorm_Celeste,0.137177283972,0.0259218023806,0.0158057534696,0.181604850255
UnivDorm_Chelsey,0.1099519224,0.036525514238,0.0150392300265,0.167691069396
UnivDorm_Cheri,0.125315799609,0.026365809762,0.0130857414029,0.187575046975
UnivDorm_Chester,0.212498255149,0.0304680826474,0.0388159175309,0.252544026094
UnivDorm_Cheyenne,0.112867612805,0.0208659610068,0.0220134755135,0.150590392633
UnivDorm_Christi,0.118706169231,0.0455620565477,0.00747856644582,0.215142566083
UnivDorm_Christopher,0.11200175377,0.0398076007624,0.00503638229247,0.183127548809
UnivDorm_Cian,0.160372289662,0.0470288360516,0.0307146364212,0.260902002786
UnivDorm_Ciaran,0.240878794974,0.0597804243937,0.0277530222002,0.328887112545
UnivDorm_Claudia,0.0515207428173,0.011199151464,0.00741348776663,0.0707912668864
UnivDorm_Clayton,0.179167385655,0.0405119943481,0.0211787973259,0.22820276842
UnivDorm_Colton,0.206067428681,0.0628309341111,0.0258997904644,0.322829452209
UnivDorm_Constance,0.430822085697,0.0845946093929,0.0761223578441,0.560290046325
UnivDorm_Cooper,0.185754262953,0.0342523913576,0.0217443266532,0.259554144487
UnivDorm_Corey,0.186225987651,0.0475231271546,0.0304600674632,0.30068099785
UnivDorm_Cornelius,0.335578903437,0.0796188716218,0.0307189949627,0.465202947408
UnivDorm_Curtis,0.166326074222,0.0316158393602,0.036854797398,0.246937357208
UnivDorm_Jeannette,0.123503882297,0.0387287546363,0.002299828809,0.237617020567
UnivDorm_Laura,0.488166580917,0.23331374357,0.0837439626263,0.967153076054
UnivDorm_Lawrence,0.209786290755,0.0554509086705,0.116298020955,0.349746382837
UnivDorm_Leann,0.334781795173,0.129037151722,0.162730627306,0.623290644671
UnivDorm_Leonard,0.16719741153,0.0299488991228,0.101916850149,0.214238116824
UnivDorm_Leslie,0.226753988399,0.031564963768,0.151625950493,0.283761931726
UnivDorm_Leticia,0.222632551402,0.033435781279,0.14594679514,0.281043150398
UnivDorm_Lorraine,0.126046182017,0.022176441308,0.0655146398796,0.173803696731
UnivDorm_Lysander,0.23372304612,0.0538146687599,0.0259442044645,0.337084446837
UnivDorm_Malachi,0.193815704112,0.0619730189009,0.050553268581,0.288100755733
UnivDorm_Malcolm,0.237577280627,0.03744512967,0.0570273848924,0.308350931422
UnivDorm_Marlene,0.123070711074,0.0190400920291,0.029644883857,0.15642282737
UnivDorm_Marquis,0.247298772892,0.0474233025295,0.0557821569182,0.332478723165
UnivDorm_Mathew,0.194354075643,0.0690055142977,0.051136932389,0.313854059251
UnivDorm_Mauricio,0.260492176369,0.0622984337707,0.0571551468034,0.393643785954
UnivDorm_Mckenzie,0.273419984602,0.05427628382,0.0617278696273,0.381329182821
UnivDorm_Mitch,0.216991565026,0.0495575388901,0.0454605979985,0.340947629819
UnivDorm_Paola,0.206608394442,0.0322995676808,0.0295839233357,0.252710731396
UnivDorm_Patrice,0.173420846319,0.0368733544125,0.0245322062836,0.257808612019
UnivDorm_Patti,0.114708611349,0.0381692620448,0.00584943136056,0.173393858188
UnivDorm_Patty,0.153587262006,0.032036719341,0.0333700553601,0.207336795784
UnivDorm_Payton,0.148616317128,0.0320339531526,0.0289968080116,0.207883994822
UnivDorm_Pedro,0.423680684765,0.0626207337752,0.068404496497,0.554781358637
UnivDorm_Petar,0.282698199746,0.0414510618169,0.0509700452066,0.37308974814
UnivDorm_Phillip,0.217003327614,0.033233323269,0.0390458211503,0.283369961615
UnivDorm_Phoebe,0.247691461742,0.0254112088006,0.0501898236786,0.301983787174
UnivDorm_Piper,0.212013955181,0.0278540349713,0.0383113378394,0.273328554618
UnivDorm_Poppy,0.228180480627,0.0346343367925,0.0349921173215,0.291061237802
UnivDorm_Prince,0.108594477332,0.015327119759,0.0196218800285,0.139184781249
UnivDorm_Una,0.0469416199909,0.0122214621015,0.01375,0.0699166666667
UnivLab_Adrian,0.372962493906,0.129267306547,0.1071489684,0.656702119464
UnivLab_Aine,1.05611815279,0.291051841429,0.260180753867,1.75909111075
UnivLab_Alaina,0.425936895526,0.0519136465337,0.104297441557,0.56372787184
UnivLab_Albert,0.424780260904,0.0654621601703,0.156936367212,0.575910082464
UnivLab_Alberto,0.561276353394,0.0300845242041,0.158386507397,0.605722215316
UnivLab_Alexis,0.291272246606,0.0665505093748,0.0611932842747,0.452198754065
UnivLab_Alfonso,0.76399924451,0.0895931718639,0.12672484236,0.892911436414
UnivLab_Ali,0.407562235963,0.0763328947675,0.0914541628539,0.55999730657
UnivLab_Alina,1.01013104469,0.0659440385158,0.26666005391,1.12689273759
UnivLab_Alisa,1.26732736241,0.0564347683975,0.363461165926,1.34532009382
UnivLab_Allan,0.682922958192,0.0468713507567,0.172089175129,0.755993874834
UnivLab_Allison,1.01250108484,0.595601767083,0.136402608731,2.36060071755
UnivLab_Amaya,0.764255147347,0.0546341914415,0.200404284811,0.851006412387
UnivLab_Amy,0.81817365472,0.183421186188,0.254825631654,1.19014140398
UnivLab_Ana,0.428685939762,0.118438023379,0.075994894957,0.688731088986
UnivLab_Andre,0.479779437448,0.0599731659371,0.122274867889,0.648568042106
UnivLab_Angie,0.465338363842,0.177833691998,0.0843034049677,0.857904814009
UnivLab_Anita,1.1166147694,0.0616857413506,0.33778059415,1.24279911052
UnivLab_Aniya,0.362701960277,0.113296177436,0.0520389273186,0.665662037308
UnivLab_Annabelle,0.504101374284,0.0522743369308,0.150301281929,0.615159043496
UnivLab_Annette,0.45368097523,0.0668294111523,0.114219679819,0.56877005408
UnivLab_Aoife,2.51643515163,0.278136990488,0.59318006423,3.01122983925
UnivLab_Arianna,0.394313602884,0.0811843829284,0.0675218883082,0.512222230747
UnivLab_Ariel,0.59520533584,0.0349641551419,0.177291625208,0.670646239315
UnivLab_Ashlee,0.685570092967,0.045446268659,0.183171473791,0.801667531313
UnivLab_Ashlynn,0.718697181345,0.0375698936325,0.200180809604,0.776979579029
UnivLab_Ashton,0.793338023595,0.0493794908919,0.207011093413,0.872878283761
UnivLab_Audra,0.94130409144,0.492834094581,0.167483042178,1.9632225512
UnivLab_Aurora,0.592818499965,0.109477513079,0.193329190274,0.986892640905
UnivLab_Bert,0.678440993199,0.0500731570972,0.210128472819,0.761876646101
UnivLab_Beth,0.308627850881,0.0295485936057,0.0778840907664,0.393002822044
UnivLab_Bethany,0.0922187600324,0.011273163381,0.0270079393522,0.111278938071
UnivLab_Brad,0.403147705847,0.0279311745288,0.123793637666,0.447725455746
UnivLab_Brenna,0.933429738878,0.104131284072,0.275126784396,1.28635609808
UnivLab_Caesar,0.521779716354,0.0381694742883,0.106117644518,0.586621076254
UnivLab_Caitlin,0.699066690914,0.0749504701439,0.124919435974,0.877179984997
UnivLab_Callie,0.682935291168,0.0523202533132,0.122334526,0.760465946975
UnivLab_Cam,0.621858612433,0.048257927051,0.115974788131,0.714479700843
UnivLab_Camryn,0.850392938096,0.146732728064,0.106830296919,1.31342243243
UnivLab_Carley,0.999088739892,0.121912603145,0.19515156946,1.25919106376
UnivLab_Carlos,2.48417183604,0.23588804764,0.452484021472,2.90340299934
UnivLab_Carlton,0.843643652787,0.0638496936538,0.152057277678,0.955850489175
UnivLab_Carol,0.77083210141,0.0884854151573,0.13585987579,0.902019378693
UnivLab_Carole,1.43088120215,0.0725803890992,0.285411896764,1.51764790099
UnivLab_Cayden,0.416247196773,0.0535248997243,0.0803264316699,0.529174001711
UnivLab_Cecil,0.873536384165,0.0633893078065,0.165128975309,0.989999829265
UnivLab_Cedric,0.29141640579,0.027208260886,0.0479429013517,0.341432645692
UnivLab_Cesar,0.160239357713,0.0193354149966,0.0365671112322,0.215638902912
UnivLab_Cheyanne,0.800146700195,0.0486956865674,0.145514200991,0.877072567598
UnivLab_Christine,0.37759941043,0.0353556989276,0.056245119301,0.470590511543
UnivLab_Christy,0.374965711875,0.0644704231686,0.0876168282772,0.499513653533
UnivLab_Ciel,0.39273307315,0.0740968614178,0.0579394139585,0.558386461741
UnivLab_Cindy,0.190985103782,0.0188462751409,0.0299555440331,0.218448873918
UnivLab_Clint,0.156475906246,0.0365044265485,0.0215518901408,0.236131843728
UnivLab_Clodagh,0.464375685687,0.121815907379,0.0720067744051,0.706864623962
UnivLab_Collin,0.527088169402,0.0602110566734,0.0887906459863,0.659577978067
UnivLab_Cory,0.796593349503,0.0521923304623,0.149871001707,0.905709222458
UnivLab_Cristian,0.98829845155,0.0735777784146,0.184440025458,1.09269633271
UnivLab_Crystal,0.11588735024,0.00816907070572,0.0215241995201,0.130052844088
UnivLab_Dianna,1.56592053205,0.140652761896,0.483688113117,1.86484478102
UnivLab_Lauren,0.591125816013,0.102405050728,0.387319732677,0.816625043968
UnivLab_Lea,2.42609470132,0.187755692606,1.94131966688,2.95938500961
UnivLab_Lee,1.12981137675,0.0914267940606,0.860600808781,1.32267475448
UnivLab_Lester,0.962612423426,0.119590302063,0.639061940566,1.27103472968
UnivLab_Levi,0.896098291888,0.0998847559444,0.630460142579,1.07914452366
UnivLab_Lilly,0.260335046042,0.0740321796561,0.0950842696629,0.395084269663
UnivLab_Louie,1.30286277703,0.235247595594,0.722738630685,2.06707771114
UnivLab_Lyle,0.580354130837,0.114347201502,0.377789883268,0.812762645914
UnivLab_Mack,0.40845730735,0.108507842547,0.0784368839097,0.684333392951
UnivLab_Madelyn,0.391092902329,0.0208224459352,0.0836244256079,0.438563995365
UnivLab_Margret,0.85007601916,0.0522842743181,0.184416929253,0.937966403051
UnivLab_Mariana,0.419192675928,0.0400425190989,0.0844747069692,0.555548078436
UnivLab_Marie,0.547093509645,0.0413280432582,0.114065183645,0.612939143777
UnivLab_Mario,0.49847630308,0.0998481731432,0.108344398522,0.802587040495
UnivLab_Marshall,0.52111018223,0.0372692992499,0.102947290219,0.574302387248
UnivLab_Miles,0.206172307087,0.0380484008537,0.0566027480144,0.276148228484
UnivLab_Neil,0.195012428826,0.0694312577165,0.0196284323092,0.333537809388
UnivLab_Paris,1.45885489809,0.0909719053474,0.280110974127,1.60317167219
UnivLab_Parker,1.15914907812,0.11040383782,0.205777798384,1.32603119006
UnivLab_Patrick,1.41642976392,0.150648611357,0.343167808913,1.76528830596
UnivLab_Patsy,0.935076801628,0.0455098733808,0.188839811972,0.99018187516
UnivLab_Paul,0.0471889820177,0.00500076797664,0.00848022853436,0.0571046976109
UnivLab_Peggy,0.563614438798,0.0393613446512,0.111178235739,0.629933763721
UnivLab_Peyton,1.03766064093,0.0748489988143,0.196130790473,1.15903845867
UnivLab_Phil,0.648211780033,0.073409078064,0.112086759514,0.769561290247
UnivLab_Preston,0.26974174308,0.0322831671136,0.0384157701066,0.323953377522
UnivLab_Priscilla,1.38584004548,0.0943336319767,0.259808927638,1.54740201435
UnivLab_Santiago,1.06093437883,0.0867418257756,0.84995831249,1.22754710689
UnivLab_Susan,0.303477818467,0.065531959064,0.123432343234,0.44702090209
UnivLab_Suzette,0.558598128205,0.109447569786,0.273155463082,0.824196756295
UnivLab_Tami,0.214118239572,0.0338127151671,0.00760210094426,0.278986192548
UnivLab_Taylor,0.254002063728,0.0304506728908,0.00714972982828,0.318807002297
UnivLab_Terrie,0.24574703289,0.0273816898551,0.00780939453563,0.306056930027
UnivLab_Tracie,0.23277976518,0.0254121317668,0.00687881996419,0.274683261904
UnivLab_Tracy,0.245911570478,0.0378598740831,0.00691105265803,0.332568230938
